ID,功能域,方法,服务前缀原文,调用路径原文,源码参数键（非完整schema）,发现级别,教师权限,来源URL,行,列
PCAPI-0001,题库与试卷,POST,//question-bank-business-service,/paper/relation,"paperBankId,sourceType",REQUEST_CALL,未验证,https://wsevlf001.eeo.im/files/frontend/classin/lms-bleach-six/dist/static/js/main-6b47fa3c.10b44cb22c410ffa533c.js,1,5321
PCAPI-0002,班级、课堂与课表,POST,/,/schedule-bff/class_schedule/courser/search,,REQUEST_CALL,未验证,https://wsevlf001.eeo.im/files/frontend/classin/lms-bleach-six/dist/static/js/79587.9fb5132fff363ef1c2e2.chunk.js,1,6797
PCAPI-0003,班级、课堂与课表,POST,/,/schedule-bff/class_schedule/get,,REQUEST_CALL,未验证,https://wsevlf001.eeo.im/files/frontend/classin/lms-bleach-six/dist/static/js/79587.9fb5132fff363ef1c2e2.chunk.js,1,5856
PCAPI-0004,班级、课堂与课表,POST,/,/schedule-bff/class_schedule/list,,REQUEST_CALL,未验证,https://wsevlf001.eeo.im/files/frontend/classin/lms-bleach-six/dist/static/js/79587.9fb5132fff363ef1c2e2.chunk.js,1,5634
PCAPI-0005,班级、课堂与课表,POST,/,/schedule-bff/class_schedule/lock_info,,REQUEST_CALL,未验证,https://wsevlf001.eeo.im/files/frontend/classin/lms-bleach-six/dist/static/js/79587.9fb5132fff363ef1c2e2.chunk.js,1,6077
PCAPI-0006,Agent 与 AI,POST,/agent-api/app/,/message/deployTrialAgent,,REQUEST_CALL,未验证,https://wsevlf001.eeo.im/files/frontend/classin/lms-bleach-six/dist/static/js/main-35f5d893.cef4d2a43a71c1a35538.js,1,101178
PCAPI-0007,Agent 与 AI,POST,/agent-api,/app/agent/cos/presignUrl,,REQUEST_CALL,未验证,https://wsevlf001.eeo.im/files/frontend/classin/lms-bleach-six/dist/static/js/main-35f5d893.cef4d2a43a71c1a35538.js,1,104150
PCAPI-0008,Agent 与 AI,POST,/agent-api,/app/agent/selection/page,,REQUEST_CALL,未验证,https://wsevlf001.eeo.im/files/frontend/classin/lms-bleach-six/dist/static/js/main-84781932.400bb89c9d14ed8b1ae8.js,2,87285
PCAPI-0009,Agent 与 AI,POST,/agent-api,/app/attachment/del,,REQUEST_CALL,未验证,https://wsevlf001.eeo.im/files/frontend/classin/lms-bleach-six/dist/static/js/40634.179c5b27723a7ff5b815.chunk.js,1,15926
PCAPI-0010,Agent 与 AI,POST,/agent-api,/app/attachment/download,,REQUEST_CALL,未验证,https://wsevlf001.eeo.im/files/frontend/classin/lms-bleach-six/dist/static/js/94691.9142998129d1f6d5937d.chunk.js,1,20680
PCAPI-0011,Agent 与 AI,POST,/agent-api,/app/attachment/list,,REQUEST_CALL,未验证,https://wsevlf001.eeo.im/files/frontend/classin/lms-bleach-six/dist/static/js/40634.179c5b27723a7ff5b815.chunk.js,1,15824
PCAPI-0012,Agent 与 AI,POST,/agent-api,/app/attachment/update,,REQUEST_CALL,未验证,https://wsevlf001.eeo.im/files/frontend/classin/lms-bleach-six/dist/static/js/40634.179c5b27723a7ff5b815.chunk.js,1,15874
PCAPI-0013,Agent 与 AI,POST,/agent-api,/app/config/welcome,,REQUEST_CALL,未验证,https://wsevlf001.eeo.im/files/frontend/classin/lms-bleach-six/dist/static/js/40634.179c5b27723a7ff5b815.chunk.js,1,15393
PCAPI-0014,Agent 与 AI,POST,/agent-api,/app/feedback/add,,REQUEST_CALL,未验证,https://wsevlf001.eeo.im/files/frontend/classin/lms-bleach-six/dist/static/js/main-84781932.400bb89c9d14ed8b1ae8.js,2,85513
PCAPI-0015,Agent 与 AI,POST,/agent-api,/app/feedback/getConfig,,REQUEST_CALL,未验证,https://wsevlf001.eeo.im/files/frontend/classin/lms-bleach-six/dist/static/js/main-84781932.400bb89c9d14ed8b1ae8.js,2,85775
PCAPI-0016,Agent 与 AI,POST,/agent-api,/app/message/answerUseful,,REQUEST_CALL,未验证,https://wsevlf001.eeo.im/files/frontend/classin/lms-bleach-six/dist/static/js/40634.179c5b27723a7ff5b815.chunk.js,1,15769
PCAPI-0017,Agent 与 AI,POST,/agent-api,/app/message/list,,REQUEST_CALL,未验证,https://wsevlf001.eeo.im/files/frontend/classin/lms-bleach-six/dist/static/js/40634.179c5b27723a7ff5b815.chunk.js,1,15069
PCAPI-0018,Agent 与 AI,POST,/agent-api,/app/session/del,,REQUEST_CALL,未验证,https://wsevlf001.eeo.im/files/frontend/classin/lms-bleach-six/dist/static/js/main-f16aa68b.052d2d02108e03fbbd76.js,1,38615
PCAPI-0019,Agent 与 AI,POST,/agent-api,/app/session/list,,REQUEST_CALL,未验证,https://wsevlf001.eeo.im/files/frontend/classin/lms-bleach-six/dist/static/js/40634.179c5b27723a7ff5b815.chunk.js,1,15022
PCAPI-0020,Agent 与 AI,POST,/agent-api,/app/session/studentList,,REQUEST_CALL,未验证,https://wsevlf001.eeo.im/files/frontend/classin/lms-bleach-six/dist/static/js/40634.179c5b27723a7ff5b815.chunk.js,1,14968
PCAPI-0021,Agent 与 AI,POST,/agent-api,/app/skill/get,,REQUEST_CALL,未验证,https://wsevlf001.eeo.im/files/frontend/classin/lms-bleach-six/dist/static/js/94691.9142998129d1f6d5937d.chunk.js,1,6555
PCAPI-0022,Agent 与 AI,POST,/agent-api,/app/task/generateStudentReports,,REQUEST_CALL,未验证,https://wsevlf001.eeo.im/files/frontend/classin/lms-bleach-six/dist/static/js/main-84781932.400bb89c9d14ed8b1ae8.js,2,85281
PCAPI-0023,Agent 与 AI,POST,/agentin/,/app/collect/agent/add,agent_id,REQUEST_CALL,未验证,https://wsevlf001.eeo.im/files/frontend/classin/lms-bleach-six/dist/static/js/61014.063a758e976959fb155d.chunk.js,2,10641
PCAPI-0024,Agent 与 AI,POST,/agentin/,/app/collect/agent/delete,,REQUEST_CALL,未验证,https://wsevlf001.eeo.im/files/frontend/classin/lms-bleach-six/dist/static/js/61014.063a758e976959fb155d.chunk.js,2,10586
PCAPI-0025,Agent 与 AI,POST,/agentin/,/app/collect/agent/list,,REQUEST_CALL,未验证,https://wsevlf001.eeo.im/files/frontend/classin/lms-bleach-six/dist/static/js/61014.063a758e976959fb155d.chunk.js,2,10533
PCAPI-0026,Agent 与 AI,POST,/agentin/,/app/collect/agent/top,,REQUEST_CALL,未验证,https://wsevlf001.eeo.im/files/frontend/classin/lms-bleach-six/dist/static/js/61014.063a758e976959fb155d.chunk.js,2,10704
PCAPI-0027,Agent 与 AI,POST,/agentin/,/app/index/recommend_agent,,REQUEST_CALL,未验证,https://wsevlf001.eeo.im/files/frontend/classin/lms-bleach-six/dist/static/js/61014.063a758e976959fb155d.chunk.js,2,31774
PCAPI-0028,Agent 与 AI,POST,/agentin/,/app/orchestration/get_category_list,,REQUEST_CALL,未验证,https://wsevlf001.eeo.im/files/frontend/classin/lms-bleach-six/dist/static/js/main-84781932.400bb89c9d14ed8b1ae8.js,2,42366
PCAPI-0029,Agent 与 AI,POST,/agentin/,/app/self_agent/delete,,REQUEST_CALL,未验证,https://wsevlf001.eeo.im/files/frontend/classin/lms-bleach-six/dist/static/js/61014.063a758e976959fb155d.chunk.js,2,31335
PCAPI-0030,Agent 与 AI,POST,/agentin/,/app/self_agent/list,,REQUEST_CALL,未验证,https://wsevlf001.eeo.im/files/frontend/classin/lms-bleach-six/dist/static/js/61014.063a758e976959fb155d.chunk.js,2,31201
PCAPI-0031,Agent 与 AI,POST,/agentin/,/app/self_agent/off_shelf,,REQUEST_CALL,未验证,https://wsevlf001.eeo.im/files/frontend/classin/lms-bleach-six/dist/static/js/61014.063a758e976959fb155d.chunk.js,2,31557
PCAPI-0032,Agent 与 AI,POST,/agentin/,/app/user/identity,,REQUEST_CALL,未验证,https://wsevlf001.eeo.im/files/frontend/classin/lms-bleach-six/dist/static/js/main-84781932.400bb89c9d14ed8b1ae8.js,2,42485
PCAPI-0033,Agent 与 AI,POST,/agentin/,/app/user/identity/list,,REQUEST_CALL,未验证,https://wsevlf001.eeo.im/files/frontend/classin/lms-bleach-six/dist/static/js/main-84781932.400bb89c9d14ed8b1ae8.js,2,42432
PCAPI-0034,Agent 与 AI,POST,/agentin/,/app/user/identity/save,,REQUEST_CALL,未验证,https://wsevlf001.eeo.im/files/frontend/classin/lms-bleach-six/dist/static/js/main-84781932.400bb89c9d14ed8b1ae8.js,2,42533
PCAPI-0035,Agent 与 AI,POST,/agentin/,/person/modify,,REQUEST_CALL,未验证,https://wsevlf001.eeo.im/files/frontend/classin/lms-bleach-six/dist/static/js/61014.063a758e976959fb155d.chunk.js,2,32030
PCAPI-0036,Agent 与 AI,POST,/agentin/,app/agent/category,,REQUEST_CALL,未验证,https://wsevlf001.eeo.im/files/frontend/classin/lms-bleach-six/dist/static/js/61014.063a758e976959fb155d.chunk.js,2,30500
PCAPI-0037,Agent 与 AI,POST,/agentin,/app/agent/detail,,REQUEST_CALL,未验证,https://wsevlf001.eeo.im/files/frontend/classin/lms-bleach-six/dist/static/js/main-84781932.400bb89c9d14ed8b1ae8.js,2,86003
PCAPI-0038,Agent 与 AI,POST,/agentin,/app/agent/get_category_list,,REQUEST_CALL,未验证,https://wsevlf001.eeo.im/files/frontend/classin/lms-bleach-six/dist/static/js/main-43dd7041.e00a24a24d2ed1e3ba11.js,1,6689
PCAPI-0039,Agent 与 AI,POST,/agentin/,app/agent/list,,REQUEST_CALL,未验证,https://wsevlf001.eeo.im/files/frontend/classin/lms-bleach-six/dist/static/js/61014.063a758e976959fb155d.chunk.js,2,30703
PCAPI-0040,Agent 与 AI,POST,/agentin/,app/agent/person/list,,REQUEST_CALL,未验证,https://wsevlf001.eeo.im/files/frontend/classin/lms-bleach-six/dist/static/js/61014.063a758e976959fb155d.chunk.js,2,32074
PCAPI-0041,Agent 与 AI,POST,/agentin/,app/agent/person/query_flowin_agent_detail,,REQUEST_CALL,未验证,https://wsevlf001.eeo.im/files/frontend/classin/lms-bleach-six/dist/static/js/61014.063a758e976959fb155d.chunk.js,2,30906
PCAPI-0042,Agent 与 AI,POST,/agentin/,app/agent/search,,REQUEST_CALL,未验证,https://wsevlf001.eeo.im/files/frontend/classin/lms-bleach-six/dist/static/js/61014.063a758e976959fb155d.chunk.js,2,30747
PCAPI-0043,Agent 与 AI,POST,/agentin/,app/agent/tag,,REQUEST_CALL,未验证,https://wsevlf001.eeo.im/files/frontend/classin/lms-bleach-six/dist/static/js/61014.063a758e976959fb155d.chunk.js,2,30636
PCAPI-0044,Agent 与 AI,POST,/agentin,/app/course/agent/add,,REQUEST_CALL,未验证,https://wsevlf001.eeo.im/files/frontend/classin/lms-bleach-six/dist/static/js/main-84781932.400bb89c9d14ed8b1ae8.js,2,86839
PCAPI-0045,Agent 与 AI,POST,/agentin/app/course/agent,/delete,,REQUEST_CALL,未验证,https://wsevlf001.eeo.im/files/frontend/classin/lms-bleach-six/dist/static/js/60851.0db3a939e2015ab973ac.chunk.js,1,17087
PCAPI-0046,Agent 与 AI,POST,/agentin/app/,course/agent/delete,,REQUEST_CALL,未验证,https://wsevlf001.eeo.im/files/frontend/classin/lms-bleach-six/dist/static/js/main-35f5d893.cef4d2a43a71c1a35538.js,1,101028
PCAPI-0047,Agent 与 AI,POST,/agentin/app/course/agent,/list,,REQUEST_CALL,未验证,https://wsevlf001.eeo.im/files/frontend/classin/lms-bleach-six/dist/static/js/60851.0db3a939e2015ab973ac.chunk.js,1,16990
PCAPI-0048,Agent 与 AI,POST,/agentin/app/,course/agent/list,,REQUEST_CALL,未验证,https://wsevlf001.eeo.im/files/frontend/classin/lms-bleach-six/dist/static/js/main-35f5d893.cef4d2a43a71c1a35538.js,1,100981
PCAPI-0049,Agent 与 AI,POST,/agentin,/app/course/publicagent/detail,,REQUEST_CALL,未验证,https://wsevlf001.eeo.im/files/frontend/classin/lms-bleach-six/dist/static/js/main-84781932.400bb89c9d14ed8b1ae8.js,2,86409
PCAPI-0050,Agent 与 AI,POST,/agentin/,app/index/banner_list,,REQUEST_CALL,未验证,https://wsevlf001.eeo.im/files/frontend/classin/lms-bleach-six/dist/static/js/61014.063a758e976959fb155d.chunk.js,2,31955
PCAPI-0051,Agent 与 AI,POST,/agentin,/app/newbee/content/is_empty,,REQUEST_CALL,未验证,https://wsevlf001.eeo.im/files/frontend/classin/lms-bleach-six/dist/static/js/main-43dd7041.e00a24a24d2ed1e3ba11.js,1,8993
PCAPI-0052,Agent 与 AI,POST,/agentin,/app/newbee/creater_token/get,,REQUEST_CALL,未验证,https://wsevlf001.eeo.im/files/frontend/classin/lms-bleach-six/dist/static/js/main-43dd7041.e00a24a24d2ed1e3ba11.js,1,8472
PCAPI-0053,Agent 与 AI,POST,/agentin,/app/newbee/space/read_token,space_id,REQUEST_CALL,未验证,https://wsevlf001.eeo.im/files/frontend/classin/lms-bleach-six/dist/static/js/main-43dd7041.e00a24a24d2ed1e3ba11.js,1,8737
PCAPI-0054,Agent 与 AI,POST,/agentin,/app/newbee/wisehub/batch_study_status,,REQUEST_CALL,未验证,https://wsevlf001.eeo.im/files/frontend/classin/lms-bleach-six/dist/static/js/main-43dd7041.e00a24a24d2ed1e3ba11.js,1,10227
PCAPI-0055,Agent 与 AI,POST,/agentin/,app/notification/list,,REQUEST_CALL,未验证,https://wsevlf001.eeo.im/files/frontend/classin/lms-bleach-six/dist/static/js/61014.063a758e976959fb155d.chunk.js,2,30978
PCAPI-0056,Agent 与 AI,POST,/agentin/,app/notification/read,,REQUEST_CALL,未验证,https://wsevlf001.eeo.im/files/frontend/classin/lms-bleach-six/dist/static/js/61014.063a758e976959fb155d.chunk.js,2,31029
PCAPI-0057,Agent 与 AI,POST,/agentin,/app/options/all,,REQUEST_CALL,未验证,https://wsevlf001.eeo.im/files/frontend/classin/lms-bleach-six/dist/static/js/main-43dd7041.e00a24a24d2ed1e3ba11.js,1,9832
PCAPI-0058,Agent 与 AI,POST,/agentin,/app/orchestration/get_category_list,,REQUEST_CALL,未验证,https://wsevlf001.eeo.im/files/frontend/classin/lms-bleach-six/dist/static/js/main-43dd7041.e00a24a24d2ed1e3ba11.js,1,6436
PCAPI-0059,Agent 与 AI,POST,/agentin,/app/orchestration/get_llm_config,,REQUEST_CALL,未验证,https://wsevlf001.eeo.im/files/frontend/classin/lms-bleach-six/dist/static/js/main-43dd7041.e00a24a24d2ed1e3ba11.js,1,9658
PCAPI-0060,Agent 与 AI,POST,/agentin,/app/orchestration/get_tag_list,,REQUEST_CALL,未验证,https://wsevlf001.eeo.im/files/frontend/classin/lms-bleach-six/dist/static/js/main-43dd7041.e00a24a24d2ed1e3ba11.js,1,6188
PCAPI-0061,Agent 与 AI,POST,/agentin/,app/personal/publish/history,,REQUEST_CALL,未验证,https://wsevlf001.eeo.im/files/frontend/classin/lms-bleach-six/dist/static/js/61014.063a758e976959fb155d.chunk.js,2,31080
PCAPI-0062,Agent 与 AI,POST,/agentin/,app/personal/publish/history/read,,REQUEST_CALL,未验证,https://wsevlf001.eeo.im/files/frontend/classin/lms-bleach-six/dist/static/js/61014.063a758e976959fb155d.chunk.js,2,31138
PCAPI-0063,Agent 与 AI,POST,/agentin,/app/publish/history,,REQUEST_CALL,未验证,https://wsevlf001.eeo.im/files/frontend/classin/lms-bleach-six/dist/static/js/main-43dd7041.e00a24a24d2ed1e3ba11.js,1,7927
PCAPI-0064,Agent 与 AI,POST,/agentin,/app/ranking_list/detail,id,REQUEST_CALL,未验证,https://wsevlf001.eeo.im/files/frontend/classin/lms-bleach-six/dist/static/js/main-43dd7041.e00a24a24d2ed1e3ba11.js,1,9773
PCAPI-0065,Agent 与 AI,POST,/agentin,/app/ranking_list/list,,REQUEST_CALL,未验证,https://wsevlf001.eeo.im/files/frontend/classin/lms-bleach-six/dist/static/js/main-43dd7041.e00a24a24d2ed1e3ba11.js,1,9721
PCAPI-0066,Agent 与 AI,POST,/agentin,/app/self_agent/arrangement/detail,,REQUEST_CALL,未验证,https://wsevlf001.eeo.im/files/frontend/classin/lms-bleach-six/dist/static/js/main-43dd7041.e00a24a24d2ed1e3ba11.js,1,7676
PCAPI-0067,Agent 与 AI,POST,/agentin,/app/self_agent/avatar/generate,,REQUEST_CALL,未验证,https://wsevlf001.eeo.im/files/frontend/classin/lms-bleach-six/dist/static/js/main-43dd7041.e00a24a24d2ed1e3ba11.js,1,9979
PCAPI-0068,Agent 与 AI,POST,/agentin,/app/self_agent/content/audit,,REQUEST_CALL,未验证,https://wsevlf001.eeo.im/files/frontend/classin/lms-bleach-six/dist/static/js/main-43dd7041.e00a24a24d2ed1e3ba11.js,1,6934
PCAPI-0069,Agent 与 AI,POST,/agentin,/app/self_agent/create,"agent_name,agent_avatar,self_agent_type,template_id,agent_description",REQUEST_CALL,未验证,https://wsevlf001.eeo.im/files/frontend/classin/lms-bleach-six/dist/static/js/main-43dd7041.e00a24a24d2ed1e3ba11.js,1,9440
PCAPI-0070,Agent 与 AI,POST,/agentin,/app/self_agent/detail,,REQUEST_CALL,未验证,https://wsevlf001.eeo.im/files/frontend/classin/lms-bleach-six/dist/static/js/main-84781932.400bb89c9d14ed8b1ae8.js,2,86195
PCAPI-0071,Agent 与 AI,POST,/agentin,/app/self_agent/draft_box/detail,,REQUEST_CALL,未验证,https://wsevlf001.eeo.im/files/frontend/classin/lms-bleach-six/dist/static/js/main-43dd7041.e00a24a24d2ed1e3ba11.js,1,7427
PCAPI-0072,Agent 与 AI,POST,/agentin,/app/self_agent/draft_box/save,,REQUEST_CALL,未验证,https://wsevlf001.eeo.im/files/frontend/classin/lms-bleach-six/dist/static/js/main-43dd7041.e00a24a24d2ed1e3ba11.js,1,7180
PCAPI-0073,Agent 与 AI,POST,/agentin/,app/self_agent/import/add,,REQUEST_CALL,未验证,https://wsevlf001.eeo.im/files/frontend/classin/lms-bleach-six/dist/static/js/61014.063a758e976959fb155d.chunk.js,2,30793
PCAPI-0074,Agent 与 AI,POST,/agentin/,app/self_agent/import/modify,,REQUEST_CALL,未验证,https://wsevlf001.eeo.im/files/frontend/classin/lms-bleach-six/dist/static/js/61014.063a758e976959fb155d.chunk.js,2,30848
PCAPI-0075,Agent 与 AI,POST,/agentin,/app/self_agent/publish,,REQUEST_CALL,未验证,https://wsevlf001.eeo.im/files/frontend/classin/lms-bleach-six/dist/static/js/main-43dd7041.e00a24a24d2ed1e3ba11.js,1,5948
PCAPI-0076,Agent 与 AI,POST,/agentin,/app/self_agent/publish/details,,REQUEST_CALL,未验证,https://wsevlf001.eeo.im/files/frontend/classin/lms-bleach-six/dist/static/js/main-43dd7041.e00a24a24d2ed1e3ba11.js,1,5700
PCAPI-0077,Agent 与 AI,POST,/agentin,/app/template/list,,REQUEST_CALL,未验证,https://wsevlf001.eeo.im/files/frontend/classin/lms-bleach-six/dist/static/js/main-43dd7041.e00a24a24d2ed1e3ba11.js,1,8238
PCAPI-0078,Agent 与 AI,POST,/agentin/app/,user/configure/getWebData,,REQUEST_CALL,未验证,https://wsevlf001.eeo.im/files/frontend/classin/lms-bleach-six/dist/static/js/main-35f5d893.cef4d2a43a71c1a35538.js,1,100926
PCAPI-0079,Agent 与 AI,POST,/agentin,/get/knowledge,,REQUEST_CALL,未验证,https://wsevlf001.eeo.im/files/frontend/classin/lms-bleach-six/dist/static/js/main-43dd7041.e00a24a24d2ed1e3ba11.js,1,10714
PCAPI-0080,Agent 与 AI,POST,/agentin,/save/knowledge,,REQUEST_CALL,未验证,https://wsevlf001.eeo.im/files/frontend/classin/lms-bleach-six/dist/static/js/main-43dd7041.e00a24a24d2ed1e3ba11.js,1,10482
PCAPI-0081,基础服务与其他,POST,/api,/classin.api.php?action=addClassStudent,,REQUEST_CALL,未验证,https://wsevlf001.eeo.im/files/frontend/classin/lms-bleach-six/dist/static/js/main-f16aa68b.052d2d02108e03fbbd76.js,1,43974
PCAPI-0082,基础服务与其他,POST,/api,/classin.api.php?action=addSuggest,,REQUEST_CALL,未验证,https://wsevlf001.eeo.im/files/frontend/classin/lms-bleach-six/dist/static/js/43902.2b25d800f2384af5c5e9.chunk.js,1,7561
PCAPI-0083,基础服务与其他,POST,/api,/classin.api.php?action=getMySchoolList,UID,REQUEST_CALL,未验证,https://wsevlf001.eeo.im/files/frontend/classin/lms-bleach-six/dist/static/js/main-f16aa68b.052d2d02108e03fbbd76.js,1,37087
PCAPI-0084,基础服务与其他,POST,/api,/classin.api.php?action=uploadImage,,REQUEST_CALL,未验证,https://wsevlf001.eeo.im/files/frontend/classin/lms-bleach-six/dist/static/js/43902.2b25d800f2384af5c5e9.chunk.js,1,7625
PCAPI-0085,基础服务与其他,POST,/api/,exam.api.php?action=getTextbookTree,,REQUEST_CALL,未验证,https://wsevlf001.eeo.im/files/frontend/classin/lms-bleach-six/dist/static/js/28635.a8ac469cbf1f950a8732.chunk.js,1,9165
PCAPI-0086,基础服务与其他,POST,/api,classin.api.php?action=delCourseAudit,,REQUEST_CALL,未验证,https://wsevlf001.eeo.im/files/frontend/classin/lms-bleach-six/dist/static/js/main-f16aa68b.052d2d02108e03fbbd76.js,1,38355
PCAPI-0087,基础服务与其他,POST,/api,classin.api.php?action=delCourseStudent,,REQUEST_CALL,未验证,https://wsevlf001.eeo.im/files/frontend/classin/lms-bleach-six/dist/static/js/main-f16aa68b.052d2d02108e03fbbd76.js,1,38214
PCAPI-0088,基础服务与其他,POST,/api,classin.api.php?action=deleteCourseTeacher,,REQUEST_CALL,未验证,https://wsevlf001.eeo.im/files/frontend/classin/lms-bleach-six/dist/static/js/main-f16aa68b.052d2d02108e03fbbd76.js,1,38283
PCAPI-0089,基础服务与其他,POST,/api,classin.api.php?action=editClusterMemberNicknames,"UID,SID,clusterId,memberList,clusterType",REQUEST_CALL,未验证,https://wsevlf001.eeo.im/files/frontend/classin/lms-bleach-six/dist/static/js/main-f16aa68b.052d2d02108e03fbbd76.js,1,37409
PCAPI-0090,基础服务与其他,POST,/api,classin.api.php?action=editCourse,,REQUEST_CALL,未验证,https://wsevlf001.eeo.im/files/frontend/classin/lms-bleach-six/dist/static/js/main-f16aa68b.052d2d02108e03fbbd76.js,1,37269
PCAPI-0091,基础服务与其他,POST,/api,classin.api.php?action=getLoginUserStatus,,REQUEST_CALL,未验证,https://wsevlf001.eeo.im/files/frontend/classin/lms-bleach-six/dist/static/js/main-f16aa68b.052d2d02108e03fbbd76.js,1,37923
PCAPI-0092,基础服务与其他,POST,/api,classin.api.php?action=getQuitClusterStatus,"UID,clientCourseId",REQUEST_CALL,未验证,https://wsevlf001.eeo.im/files/frontend/classin/lms-bleach-six/dist/static/js/main-f16aa68b.052d2d02108e03fbbd76.js,1,37827
PCAPI-0093,基础服务与其他,POST,/api,classin.api.php?action=getSchoolAuthInfo,SID,REQUEST_CALL,未验证,https://wsevlf001.eeo.im/files/frontend/classin/lms-bleach-six/dist/static/js/main-f16aa68b.052d2d02108e03fbbd76.js,1,38006
PCAPI-0094,基础服务与其他,POST,/api,classin.api.php?action=quitCluster,"UID,clientCourseId,classIdentity",REQUEST_CALL,未验证,https://wsevlf001.eeo.im/files/frontend/classin/lms-bleach-six/dist/static/js/main-f16aa68b.052d2d02108e03fbbd76.js,1,37590
PCAPI-0095,基础服务与其他,POST,/api,classin.api.php?action=studentBecomeTeacher,,REQUEST_CALL,未验证,https://wsevlf001.eeo.im/files/frontend/classin/lms-bleach-six/dist/static/js/main-f16aa68b.052d2d02108e03fbbd76.js,1,38495
PCAPI-0096,基础服务与其他,POST,/api,classin.api.php?action=teacherBecomeStudent,,REQUEST_CALL,未验证,https://wsevlf001.eeo.im/files/frontend/classin/lms-bleach-six/dist/static/js/main-f16aa68b.052d2d02108e03fbbd76.js,1,38422
PCAPI-0097,班级、课堂与课表,POST,/classroom/app,/classInfo/simpleInfo,"startTime,endTime,classIds",REQUEST_CALL,未验证,https://wsevlf001.eeo.im/files/frontend/classin/lms-bleach-six/dist/static/js/main-f16aa68b.052d2d02108e03fbbd76.js,1,44212
PCAPI-0098,班级、课堂与课表,POST,/classroom,/web/class/open/get,classSn,REQUEST_CALL,未验证,https://wsevlf001.eeo.im/files/frontend/classin/lms-bleach-six/dist/static/js/main-f16aa68b.052d2d02108e03fbbd76.js,1,43851
PCAPI-0099,班级、课堂与课表,POST,/classroom,/web/class/open/students,classSn,REQUEST_CALL,未验证,https://wsevlf001.eeo.im/files/frontend/classin/lms-bleach-six/dist/static/js/main-f16aa68b.052d2d02108e03fbbd76.js,1,43910
PCAPI-0100,身份、组织与设置,POST,/client-base-api/,/user/sources,,REQUEST_CALL,未验证,https://wsevlf001.eeo.im/files/frontend/classin/lms-bleach-six/dist/static/js/main-35f5d893.cef4d2a43a71c1a35538.js,1,123997
PCAPI-0101,云盘与文件,POST,/clouddisk/api,/batchDel,"folderStr,fileStr,isSearch",REQUEST_CALL,未验证,https://wsevlf001.eeo.im/files/frontend/classin/lms-bleach-six/dist/static/js/30878.f326cea8c0d16631f5cd.chunk.js,1,12252
PCAPI-0102,云盘与文件,POST,/clouddisk/api,/beike/create,"folderId,fileName",REQUEST_CALL,未验证,https://wsevlf001.eeo.im/files/frontend/classin/lms-bleach-six/dist/static/js/82914.45df2d6b71cb40f1058c.chunk.js,1,48151
PCAPI-0103,云盘与文件,POST,/clouddisk/api,/course/createFolder,"parentFolderId,courseId,folderName,sid",REQUEST_CALL,未验证,https://wsevlf001.eeo.im/files/frontend/classin/lms-bleach-six/dist/static/js/main-6b47fa3c.10b44cb22c410ffa533c.js,1,4397
PCAPI-0104,云盘与文件,POST,/clouddisk/api,/createFolder,"folderId,folderName",REQUEST_CALL,未验证,https://wsevlf001.eeo.im/files/frontend/classin/lms-bleach-six/dist/static/js/main-6b47fa3c.10b44cb22c410ffa533c.js,1,514
PCAPI-0105,云盘与文件,POST,/clouddisk/api,/delAuthBySid,"sid,isNew",REQUEST_CALL,未验证,https://wsevlf001.eeo.im/files/frontend/classin/lms-bleach-six/dist/static/js/30878.f326cea8c0d16631f5cd.chunk.js,1,11127
PCAPI-0106,云盘与文件,POST,/clouddisk/api,/getAuthorizedInfo,"UID,isOnlyResource,clientClassId",REQUEST_CALL,未验证,https://wsevlf001.eeo.im/files/frontend/classin/lms-bleach-six/dist/static/js/main-6b47fa3c.10b44cb22c410ffa533c.js,1,4615
PCAPI-0107,云盘与文件,POST,/clouddisk/api,/getFileInfo,,REQUEST_CALL,未验证,https://wsevlf001.eeo.im/files/frontend/classin/lms-bleach-six/dist/static/js/main-6b47fa3c.10b44cb22c410ffa533c.js,1,9080
PCAPI-0108,云盘与文件,POST,/clouddisk/api,/getFilesTransitionState,,REQUEST_CALL,未验证,https://wsevlf001.eeo.im/files/frontend/classin/lms-bleach-six/dist/static/js/30878.f326cea8c0d16631f5cd.chunk.js,1,12922
PCAPI-0109,云盘与文件,POST,/clouddisk/api,/getFolderList,"UID,folderId",REQUEST_CALL,未验证,https://wsevlf001.eeo.im/files/frontend/classin/lms-bleach-six/dist/static/js/main-6b47fa3c.10b44cb22c410ffa533c.js,1,430
PCAPI-0110,云盘与文件,POST,/clouddisk/api,/onlinedoc/create,"folderId,docName",REQUEST_CALL,未验证,https://wsevlf001.eeo.im/files/frontend/classin/lms-bleach-six/dist/static/js/82914.45df2d6b71cb40f1058c.chunk.js,1,48253
PCAPI-0111,云盘与文件,POST,/clouddisk/api,/renameFile,"fileId,fileName",REQUEST_CALL,未验证,https://wsevlf001.eeo.im/files/frontend/classin/lms-bleach-six/dist/static/js/30878.f326cea8c0d16631f5cd.chunk.js,1,12538
PCAPI-0112,云盘与文件,POST,/clouddisk/api,/renameFolder,"folderId,folderName",REQUEST_CALL,未验证,https://wsevlf001.eeo.im/files/frontend/classin/lms-bleach-six/dist/static/js/30878.f326cea8c0d16631f5cd.chunk.js,1,12627
PCAPI-0113,云盘与文件,POST,/clouddisk/api,/resource/getMyResource,,REQUEST_CALL,未验证,https://wsevlf001.eeo.im/files/frontend/classin/lms-bleach-six/dist/static/js/30878.f326cea8c0d16631f5cd.chunk.js,1,10726
PCAPI-0114,云盘与文件,POST,/clouddisk/api,/saveAuthFile,,REQUEST_CALL,未验证,https://wsevlf001.eeo.im/files/frontend/classin/lms-bleach-six/dist/static/js/30878.f326cea8c0d16631f5cd.chunk.js,1,11198
PCAPI-0115,云盘与文件,POST,/clouddisk/web,/resource/getResourceAuth,folderId,REQUEST_CALL,未验证,https://wsevlf001.eeo.im/files/frontend/classin/lms-bleach-six/dist/static/js/main-6b47fa3c.10b44cb22c410ffa533c.js,1,10255
PCAPI-0116,云盘与文件,POST,/clouddisk/web,/resource/setResourceAuthWithAction,"authorize,folderId,actionType",REQUEST_CALL,未验证,https://wsevlf001.eeo.im/files/frontend/classin/lms-bleach-six/dist/static/js/main-6b47fa3c.10b44cb22c410ffa533c.js,1,10375
PCAPI-0117,云盘与文件,POST,/cloudspace/api,/course/breadcrumb,"folderId,courseId",REQUEST_CALL,未验证,https://wsevlf001.eeo.im/files/frontend/classin/lms-bleach-six/dist/static/js/56318.6d8709824fd0a932ba6e.chunk.js,1,80177
PCAPI-0118,云盘与文件,POST,/cloudspace/api,/course/getSubFolderList,"folderId,courseId",REQUEST_CALL,未验证,https://wsevlf001.eeo.im/files/frontend/classin/lms-bleach-six/dist/static/js/main-6b47fa3c.10b44cb22c410ffa533c.js,1,4532
PCAPI-0119,云盘与文件,POST,/cloudspace/api,/eppt/create,"folderId,fileName,language",REQUEST_CALL,未验证,https://wsevlf001.eeo.im/files/frontend/classin/lms-bleach-six/dist/static/js/82914.45df2d6b71cb40f1058c.chunk.js,1,48534
PCAPI-0120,云盘与文件,POST,/cloudspace/api,/home/getBannerListNew,,REQUEST_CALL,未验证,https://wsevlf001.eeo.im/files/frontend/classin/lms-bleach-six/dist/static/js/56318.6d8709824fd0a932ba6e.chunk.js,1,81161
PCAPI-0121,云盘与文件,POST,/cloudspace/api,/logs,"UID,content",REQUEST_CALL,未验证,https://wsevlf001.eeo.im/files/frontend/classin/lms-bleach-six/dist/static/js/30878.f326cea8c0d16631f5cd.chunk.js,1,14086
PCAPI-0122,云盘与文件,POST,/cloudspace/api,/organization/auth/get,"sid,organizationDiskId,folderId",REQUEST_CALL,未验证,https://wsevlf001.eeo.im/files/frontend/classin/lms-bleach-six/dist/static/js/main-6b47fa3c.10b44cb22c410ffa533c.js,1,9585
PCAPI-0123,云盘与文件,POST,/cloudspace/api,/organization/auth/set/download,"sid,organizationDiskId,orgFileIds,downloadAuth,folderId",REQUEST_CALL,未验证,https://wsevlf001.eeo.im/files/frontend/classin/lms-bleach-six/dist/static/js/main-6b47fa3c.10b44cb22c410ffa533c.js,1,10551
PCAPI-0124,云盘与文件,POST,/cloudspace/api,/organization/auth/setWithAction,"sid,organizationDiskId,folderId,authorize,actionType",REQUEST_CALL,未验证,https://wsevlf001.eeo.im/files/frontend/classin/lms-bleach-six/dist/static/js/main-6b47fa3c.10b44cb22c410ffa533c.js,1,9261
PCAPI-0125,云盘与文件,POST,/cloudspace/api,/organization/breadcrumb,"folderId,sid",REQUEST_CALL,未验证,https://wsevlf001.eeo.im/files/frontend/classin/lms-bleach-six/dist/static/js/56318.6d8709824fd0a932ba6e.chunk.js,1,79944
PCAPI-0126,云盘与文件,POST,/cloudspace/api,/organization/copy,"destFolderId,folderIds,orgFileIds,sid,organizationDiskId,destType,operation",REQUEST_CALL,未验证,https://wsevlf001.eeo.im/files/frontend/classin/lms-bleach-six/dist/static/js/main-6b47fa3c.10b44cb22c410ffa533c.js,1,1390
PCAPI-0127,云盘与文件,POST,/cloudspace/api,/organization/delete,"sid,folderIds,orgFileIds",REQUEST_CALL,未验证,https://wsevlf001.eeo.im/files/frontend/classin/lms-bleach-six/dist/static/js/30878.f326cea8c0d16631f5cd.chunk.js,1,12370
PCAPI-0128,云盘与文件,POST,/cloudspace/api,/organization/disk/create,,REQUEST_CALL,未验证,https://wsevlf001.eeo.im/files/frontend/classin/lms-bleach-six/dist/static/js/main-6b47fa3c.10b44cb22c410ffa533c.js,1,8953
PCAPI-0129,云盘与文件,POST,/cloudspace/api,/organization/disk/delete,"organizationDiskId,sid",REQUEST_CALL,未验证,https://wsevlf001.eeo.im/files/frontend/classin/lms-bleach-six/dist/static/js/main-6b47fa3c.10b44cb22c410ffa533c.js,1,11144
PCAPI-0130,云盘与文件,POST,/cloudspace/api,/organization/disk/list,,REQUEST_CALL,未验证,https://wsevlf001.eeo.im/files/frontend/classin/lms-bleach-six/dist/static/js/main-6b47fa3c.10b44cb22c410ffa533c.js,1,3997
PCAPI-0131,云盘与文件,POST,/cloudspace/api,/organization/disk/rename,"organizationDiskId,name,sid",REQUEST_CALL,未验证,https://wsevlf001.eeo.im/files/frontend/classin/lms-bleach-six/dist/static/js/main-6b47fa3c.10b44cb22c410ffa533c.js,1,10721
PCAPI-0132,云盘与文件,POST,/cloudspace/api,/organization/edoc/create,"folderId,docName,organizationDiskId,sid",REQUEST_CALL,未验证,https://wsevlf001.eeo.im/files/frontend/classin/lms-bleach-six/dist/static/js/82914.45df2d6b71cb40f1058c.chunk.js,1,48380
PCAPI-0133,云盘与文件,POST,/cloudspace/api,/organization/eppt/create,"folderId,fileName,language,sid,organizationDiskId",REQUEST_CALL,未验证,https://wsevlf001.eeo.im/files/frontend/classin/lms-bleach-six/dist/static/js/82914.45df2d6b71cb40f1058c.chunk.js,1,48682
PCAPI-0134,云盘与文件,POST,/cloudspace/api,/organization/file/rename,"organizationDiskId,fileId,name,sid",REQUEST_CALL,未验证,https://wsevlf001.eeo.im/files/frontend/classin/lms-bleach-six/dist/static/js/main-6b47fa3c.10b44cb22c410ffa533c.js,1,11012
PCAPI-0135,云盘与文件,POST,/cloudspace/api,/organization/file/upload,,REQUEST_CALL,未验证,https://wsevlf001.eeo.im/files/frontend/classin/lms-bleach-six/dist/static/js/30878.f326cea8c0d16631f5cd.chunk.js,1,13969
PCAPI-0136,云盘与文件,POST,/cloudspace/api,/organization/fileinfo/get,,REQUEST_CALL,未验证,https://wsevlf001.eeo.im/files/frontend/classin/lms-bleach-six/dist/static/js/main-6b47fa3c.10b44cb22c410ffa533c.js,1,9016
PCAPI-0137,云盘与文件,POST,/cloudspace/api,/organization/folder/create,"folderId,name,sid,organizationDiskId",REQUEST_CALL,未验证,https://wsevlf001.eeo.im/files/frontend/classin/lms-bleach-six/dist/static/js/main-6b47fa3c.10b44cb22c410ffa533c.js,1,643
PCAPI-0138,云盘与文件,POST,/cloudspace/api,/organization/folder/list,,REQUEST_CALL,未验证,https://wsevlf001.eeo.im/files/frontend/classin/lms-bleach-six/dist/static/js/main-6b47fa3c.10b44cb22c410ffa533c.js,1,2706
PCAPI-0139,云盘与文件,POST,/cloudspace/api,/organization/folder/rename,"organizationDiskId,folderId,name,sid",REQUEST_CALL,未验证,https://wsevlf001.eeo.im/files/frontend/classin/lms-bleach-six/dist/static/js/main-6b47fa3c.10b44cb22c410ffa533c.js,1,10860
PCAPI-0140,云盘与文件,POST,/cloudspace/api,/organization/homework/upload,,REQUEST_CALL,未验证,https://wsevlf001.eeo.im/files/frontend/classin/lms-bleach-six/dist/static/js/72292.556856140c7677e17968.chunk.js,1,46756
PCAPI-0141,云盘与文件,POST,/cloudspace/api,/organization/move,"destFolderId,folderIds,orgFileIds,sid,organizationDiskId,destType",REQUEST_CALL,未验证,https://wsevlf001.eeo.im/files/frontend/classin/lms-bleach-six/dist/static/js/main-6b47fa3c.10b44cb22c410ffa533c.js,1,1003
PCAPI-0142,云盘与文件,POST,/cloudspace/api,/organization/my2organization,,REQUEST_CALL,未验证,https://wsevlf001.eeo.im/files/frontend/classin/lms-bleach-six/dist/static/js/main-6b47fa3c.10b44cb22c410ffa533c.js,1,8825
PCAPI-0143,云盘与文件,POST,/cloudspace/api,/organization/ppt/upgrade,,REQUEST_CALL,未验证,https://wsevlf001.eeo.im/files/frontend/classin/lms-bleach-six/dist/static/js/30878.f326cea8c0d16631f5cd.chunk.js,1,13095
PCAPI-0144,云盘与文件,POST,/cloudspace/api,/organization/saveAuthFile,,REQUEST_CALL,未验证,https://wsevlf001.eeo.im/files/frontend/classin/lms-bleach-six/dist/static/js/30878.f326cea8c0d16631f5cd.chunk.js,1,11414
PCAPI-0145,云盘与文件,POST,/cloudspace/api,/organization/school/list,,REQUEST_CALL,未验证,https://wsevlf001.eeo.im/files/frontend/classin/lms-bleach-six/dist/static/js/main-6b47fa3c.10b44cb22c410ffa533c.js,1,11234
PCAPI-0146,云盘与文件,POST,/cloudspace/api,/organization/search,,REQUEST_CALL,未验证,https://wsevlf001.eeo.im/files/frontend/classin/lms-bleach-six/dist/static/js/56318.6d8709824fd0a932ba6e.chunk.js,1,81590
PCAPI-0147,云盘与文件,POST,/cloudspace/api,/user/addRecentOpen,"referenceType,referenceID,lessonId",REQUEST_CALL,未验证,https://wsevlf001.eeo.im/files/frontend/classin/lms-bleach-six/dist/static/js/56318.6d8709824fd0a932ba6e.chunk.js,1,80433
PCAPI-0148,云盘与文件,POST,/cloudspace/api,/user/auth/breadcrumb,,REQUEST_CALL,未验证,https://wsevlf001.eeo.im/files/frontend/classin/lms-bleach-six/dist/static/js/30878.f326cea8c0d16631f5cd.chunk.js,1,11056
PCAPI-0149,云盘与文件,POST,/cloudspace/api,/user/batchAddRecentOpenRecord,"referenceType,referenceIDListStr",REQUEST_CALL,未验证,https://wsevlf001.eeo.im/files/frontend/classin/lms-bleach-six/dist/static/js/56318.6d8709824fd0a932ba6e.chunk.js,1,80576
PCAPI-0150,云盘与文件,POST,/cloudspace/api,/user/batchCopyto,"destFolderId,folderStr,fileStr,isSearch",REQUEST_CALL,未验证,https://wsevlf001.eeo.im/files/frontend/classin/lms-bleach-six/dist/static/js/main-6b47fa3c.10b44cb22c410ffa533c.js,1,1218
PCAPI-0151,云盘与文件,POST,/cloudspace/api,/user/batchMove,"destFolderId,folderStr,fileStr,isSearch",REQUEST_CALL,未验证,https://wsevlf001.eeo.im/files/frontend/classin/lms-bleach-six/dist/static/js/main-6b47fa3c.10b44cb22c410ffa533c.js,1,833
PCAPI-0152,云盘与文件,POST,/cloudspace/api,/user/breadcrumb,"folderId,UID",REQUEST_CALL,未验证,https://wsevlf001.eeo.im/files/frontend/classin/lms-bleach-six/dist/static/js/56318.6d8709824fd0a932ba6e.chunk.js,1,79854
PCAPI-0153,云盘与文件,POST,/cloudspace/api,/user/delRecentOpenRecord,ID,REQUEST_CALL,未验证,https://wsevlf001.eeo.im/files/frontend/classin/lms-bleach-six/dist/static/js/56318.6d8709824fd0a932ba6e.chunk.js,1,80692
PCAPI-0154,云盘与文件,POST,/cloudspace/api,/user/getBannerList,"type,from",REQUEST_CALL,未验证,https://wsevlf001.eeo.im/files/frontend/classin/lms-bleach-six/dist/static/js/56318.6d8709824fd0a932ba6e.chunk.js,1,80913
PCAPI-0155,云盘与文件,POST,/cloudspace/api,/user/getFolderList,,REQUEST_CALL,未验证,https://wsevlf001.eeo.im/files/frontend/classin/lms-bleach-six/dist/static/js/main-6b47fa3c.10b44cb22c410ffa533c.js,1,2081
PCAPI-0156,云盘与文件,POST,/cloudspace/api,/user/getNavigationPreference,,REQUEST_CALL,未验证,https://wsevlf001.eeo.im/files/frontend/classin/lms-bleach-six/dist/static/js/main-6b47fa3c.10b44cb22c410ffa533c.js,1,8123
PCAPI-0157,云盘与文件,POST,/cloudspace/api,/user/getRecentOpenList,,REQUEST_CALL,未验证,https://wsevlf001.eeo.im/files/frontend/classin/lms-bleach-six/dist/static/js/56318.6d8709824fd0a932ba6e.chunk.js,1,81002
PCAPI-0158,云盘与文件,POST,/cloudspace/api,/user/getSubFolderList,"folderId,cate,order,sub",REQUEST_CALL,未验证,https://wsevlf001.eeo.im/files/frontend/classin/lms-bleach-six/dist/static/js/main-6b47fa3c.10b44cb22c410ffa533c.js,1,4153
PCAPI-0159,云盘与文件,POST,/cloudspace/api,/user/getTransStateByOriginId,,REQUEST_CALL,未验证,https://wsevlf001.eeo.im/files/frontend/classin/lms-bleach-six/dist/static/js/56318.6d8709824fd0a932ba6e.chunk.js,1,81095
PCAPI-0160,云盘与文件,POST,/cloudspace/api,/user/pin,"folderId,isPin",REQUEST_CALL,未验证,https://wsevlf001.eeo.im/files/frontend/classin/lms-bleach-six/dist/static/js/main-6b47fa3c.10b44cb22c410ffa533c.js,1,4272
PCAPI-0161,云盘与文件,POST,/cloudspace/api,/user/reTransFile,"userFileId,fileType",REQUEST_CALL,未验证,https://wsevlf001.eeo.im/files/frontend/classin/lms-bleach-six/dist/static/js/30878.f326cea8c0d16631f5cd.chunk.js,1,13016
PCAPI-0162,云盘与文件,POST,/cloudspace/api,/user/saveNavigationPreference,managedPaths,REQUEST_CALL,未验证,https://wsevlf001.eeo.im/files/frontend/classin/lms-bleach-six/dist/static/js/main-6b47fa3c.10b44cb22c410ffa533c.js,1,8193
PCAPI-0163,云盘与文件,POST,/cloudspace/api,/user/search/files,,REQUEST_CALL,未验证,https://wsevlf001.eeo.im/files/frontend/classin/lms-bleach-six/dist/static/js/56318.6d8709824fd0a932ba6e.chunk.js,1,81407
PCAPI-0164,云盘与文件,POST,/cloudspace/api,/user/uploadFileMix,,REQUEST_CALL,未验证,https://wsevlf001.eeo.im/files/frontend/classin/lms-bleach-six/dist/static/js/30878.f326cea8c0d16631f5cd.chunk.js,1,13758
PCAPI-0165,云盘与文件,POST,/cloudspace/api,user/batchDelRecentOpenRecord,IDListStr,REQUEST_CALL,未验证,https://wsevlf001.eeo.im/files/frontend/classin/lms-bleach-six/dist/static/js/56318.6d8709824fd0a932ba6e.chunk.js,1,80778
PCAPI-0166,云盘与文件,POST,/cloudspace/storage,/org/limit/info,sid,REQUEST_CALL,未验证,https://wsevlf001.eeo.im/files/frontend/classin/lms-bleach-six/dist/static/js/main-6b47fa3c.10b44cb22c410ffa533c.js,1,13934
PCAPI-0167,云盘与文件,POST,/cloudspace/storage,/org/usage/detail,sid,REQUEST_CALL,未验证,https://wsevlf001.eeo.im/files/frontend/classin/lms-bleach-six/dist/static/js/main-6b47fa3c.10b44cb22c410ffa533c.js,1,13864
PCAPI-0168,云盘与文件,POST,/cloudspace/web,/organization/auth/get,"organizationDiskId,folderId",REQUEST_CALL,未验证,https://wsevlf001.eeo.im/files/frontend/classin/lms-bleach-six/dist/static/js/main-6b47fa3c.10b44cb22c410ffa533c.js,1,9947
PCAPI-0169,云盘与文件,POST,/cloudspace/web,/organization/auth/setWithAction,"authorize,organizationDiskId,folderId,actionType",REQUEST_CALL,未验证,https://wsevlf001.eeo.im/files/frontend/classin/lms-bleach-six/dist/static/js/main-6b47fa3c.10b44cb22c410ffa533c.js,1,10108
PCAPI-0170,云盘与文件,POST,/cloudspace/web,/organization/disk/create,,REQUEST_CALL,未验证,https://wsevlf001.eeo.im/files/frontend/classin/lms-bleach-six/dist/static/js/main-6b47fa3c.10b44cb22c410ffa533c.js,1,9130
PCAPI-0171,身份、组织与设置,POST,/coreapi/app,/getClientVersionShowItems,SID,REQUEST_CALL,未验证,https://wsevlf001.eeo.im/files/frontend/classin/lms-bleach-six/dist/static/js/main-35f5d893.cef4d2a43a71c1a35538.js,1,102781
PCAPI-0172,身份、组织与设置,POST,/coreapi/app,/getDepartmentList,,REQUEST_CALL,未验证,https://wsevlf001.eeo.im/files/frontend/classin/lms-bleach-six/dist/static/js/43902.2b25d800f2384af5c5e9.chunk.js,1,7456
PCAPI-0173,身份、组织与设置,POST,/coreapi/app,/getDepartmentUpdateVersion,,REQUEST_CALL,未验证,https://wsevlf001.eeo.im/files/frontend/classin/lms-bleach-six/dist/static/js/43902.2b25d800f2384af5c5e9.chunk.js,1,7504
PCAPI-0174,身份、组织与设置,POST,/coreapi/app,/getSchoolInfos,SID,REQUEST_CALL,未验证,https://wsevlf001.eeo.im/files/frontend/classin/lms-bleach-six/dist/static/js/main-35f5d893.cef4d2a43a71c1a35538.js,1,102105
PCAPI-0175,身份、组织与设置,POST,/coreapi/app,/getStorageReminderMsg,,REQUEST_CALL,未验证,https://wsevlf001.eeo.im/files/frontend/classin/lms-bleach-six/dist/static/js/main-35f5d893.cef4d2a43a71c1a35538.js,1,101887
PCAPI-0176,身份、组织与设置,POST,/coreapi/app,/getVersionMultilingual,versions,REQUEST_CALL,未验证,https://wsevlf001.eeo.im/files/frontend/classin/lms-bleach-six/dist/static/js/main-35f5d893.cef4d2a43a71c1a35538.js,1,102608
PCAPI-0177,身份、组织与设置,POST,/coreapi/app,/school/getSubListAuth,"SID,authType",REQUEST_CALL,未验证,https://wsevlf001.eeo.im/files/frontend/classin/lms-bleach-six/dist/static/js/main-6b47fa3c.10b44cb22c410ffa533c.js,1,13212
PCAPI-0178,身份、组织与设置,POST,/coreapi/app,/schoolUser/getSchoolStudentList,,REQUEST_CALL,未验证,https://wsevlf001.eeo.im/files/frontend/classin/lms-bleach-six/dist/static/js/main-6b47fa3c.10b44cb22c410ffa533c.js,1,12030
PCAPI-0179,身份、组织与设置,POST,/coreapi/app,/schoolUser/getSchoolTeacherList,,REQUEST_CALL,未验证,https://wsevlf001.eeo.im/files/frontend/classin/lms-bleach-six/dist/static/js/main-6b47fa3c.10b44cb22c410ffa533c.js,1,11589
PCAPI-0180,身份、组织与设置,POST,/coreapi/app,/schoolUser/getStudentTree,,REQUEST_CALL,未验证,https://wsevlf001.eeo.im/files/frontend/classin/lms-bleach-six/dist/static/js/main-6b47fa3c.10b44cb22c410ffa533c.js,1,11371
PCAPI-0181,身份、组织与设置,POST,/coreapi/app,/schoolUser/getTeacherDepartmentList,,REQUEST_CALL,未验证,https://wsevlf001.eeo.im/files/frontend/classin/lms-bleach-six/dist/static/js/main-6b47fa3c.10b44cb22c410ffa533c.js,1,11297
PCAPI-0182,身份、组织与设置,POST,/coreapi,/category/student/tree,,REQUEST_CALL,未验证,https://wsevlf001.eeo.im/files/frontend/classin/lms-bleach-six/dist/static/js/main-6b47fa3c.10b44cb22c410ffa533c.js,1,8765
PCAPI-0183,身份、组织与设置,POST,/coreapi,/department/getSchoolTeacherTree,,REQUEST_CALL,未验证,https://wsevlf001.eeo.im/files/frontend/classin/lms-bleach-six/dist/static/js/main-6b47fa3c.10b44cb22c410ffa533c.js,1,8695
PCAPI-0184,身份、组织与设置,POST,/coreapi,/school/getSubListAuth?authType=orgCloudAuth,,REQUEST_CALL,未验证,https://wsevlf001.eeo.im/files/frontend/classin/lms-bleach-six/dist/static/js/main-6b47fa3c.10b44cb22c410ffa533c.js,1,12584
PCAPI-0185,身份、组织与设置,POST,/coreapi,/schoolUser/getSchoolTeacherList,,REQUEST_CALL,未验证,https://wsevlf001.eeo.im/files/frontend/classin/lms-bleach-six/dist/static/js/main-6b47fa3c.10b44cb22c410ffa533c.js,1,8624
PCAPI-0186,身份、组织与设置,POST,/coreapi,/student/getStudentList,,REQUEST_CALL,未验证,https://wsevlf001.eeo.im/files/frontend/classin/lms-bleach-six/dist/static/js/main-6b47fa3c.10b44cb22c410ffa533c.js,1,8892
PCAPI-0187,Agent 与 AI,POST,/course-ai-assistant/app,/config/welcome,,REQUEST_CALL,未验证,https://wsevlf001.eeo.im/files/frontend/classin/lms-bleach-six/dist/static/js/40634.179c5b27723a7ff5b815.chunk.js,1,15348
PCAPI-0188,Agent 与 AI,POST,/course-ai-assistant/app,/course/checkStatus,,REQUEST_CALL,未验证,https://wsevlf001.eeo.im/files/frontend/classin/lms-bleach-six/dist/static/js/40634.179c5b27723a7ff5b815.chunk.js,1,15673
PCAPI-0189,Agent 与 AI,POST,/course-ai-assistant/app,/file/suggestedQuestions,,REQUEST_CALL,未验证,https://wsevlf001.eeo.im/files/frontend/classin/lms-bleach-six/dist/static/js/40634.179c5b27723a7ff5b815.chunk.js,1,15442
PCAPI-0190,Agent 与 AI,POST,/course-ai-assistant/app,/message/answerUseful,,REQUEST_CALL,未验证,https://wsevlf001.eeo.im/files/frontend/classin/lms-bleach-six/dist/static/js/40634.179c5b27723a7ff5b815.chunk.js,1,15116
PCAPI-0191,Agent 与 AI,POST,/course-ai-assistant/app,/message/list,,REQUEST_CALL,未验证,https://wsevlf001.eeo.im/files/frontend/classin/lms-bleach-six/dist/static/js/40634.179c5b27723a7ff5b815.chunk.js,1,15167
PCAPI-0192,Agent 与 AI,POST,/course-ai-assistant/app,/session/delete,,REQUEST_CALL,未验证,https://wsevlf001.eeo.im/files/frontend/classin/lms-bleach-six/dist/static/js/40634.179c5b27723a7ff5b815.chunk.js,1,15303
PCAPI-0193,Agent 与 AI,POST,/course-ai-assistant/app,/session/list,,REQUEST_CALL,未验证,https://wsevlf001.eeo.im/files/frontend/classin/lms-bleach-six/dist/static/js/40634.179c5b27723a7ff5b815.chunk.js,1,15260
PCAPI-0194,Agent 与 AI,POST,/course-ai-assistant/app,/session/studentList,,REQUEST_CALL,未验证,https://wsevlf001.eeo.im/files/frontend/classin/lms-bleach-six/dist/static/js/40634.179c5b27723a7ff5b815.chunk.js,1,15210
PCAPI-0195,班级、课堂与课表,POST,/course,/app/course/add,,REQUEST_CALL,未验证,https://wsevlf001.eeo.im/files/frontend/classin/lms-bleach-six/dist/static/js/main-f16aa68b.052d2d02108e03fbbd76.js,1,37178
PCAPI-0196,班级、课堂与课表,POST,/course,/app/course/addCourseStudent,,REQUEST_CALL,未验证,https://wsevlf001.eeo.im/files/frontend/classin/lms-bleach-six/dist/static/js/main-f16aa68b.052d2d02108e03fbbd76.js,1,38156
PCAPI-0197,班级、课堂与课表,POST,/course,/app/course/detail,"courseId,schoolUid",REQUEST_CALL,未验证,https://wsevlf001.eeo.im/files/frontend/classin/lms-bleach-six/dist/static/js/main-35f5d893.cef4d2a43a71c1a35538.js,1,104293
PCAPI-0198,班级、课堂与课表,POST,/course,/app/course/detail/by-no,"cno,userId",REQUEST_CALL,未验证,https://wsevlf001.eeo.im/files/frontend/classin/lms-bleach-six/dist/static/js/main-f16aa68b.052d2d02108e03fbbd76.js,1,43632
PCAPI-0199,班级、课堂与课表,POST,/course,/app/course/edit,,REQUEST_CALL,未验证,https://wsevlf001.eeo.im/files/frontend/classin/lms-bleach-six/dist/static/js/main-f16aa68b.052d2d02108e03fbbd76.js,1,37223
PCAPI-0200,班级、课堂与课表,POST,/course,/app/course/end,"courseId,schoolUid",REQUEST_CALL,未验证,https://wsevlf001.eeo.im/files/frontend/classin/lms-bleach-six/dist/static/js/main-f16aa68b.052d2d02108e03fbbd76.js,1,42812
PCAPI-0201,班级、课堂与课表,POST,/course,/app/course/get-invite-url,,REQUEST_CALL,未验证,https://wsevlf001.eeo.im/files/frontend/classin/lms-bleach-six/dist/static/js/main-f16aa68b.052d2d02108e03fbbd76.js,1,38099
PCAPI-0202,班级、课堂与课表,POST,/course,/app/course/lessons/stats,"schoolUid,courseId",REQUEST_CALL,未验证,https://wsevlf001.eeo.im/files/frontend/classin/lms-bleach-six/dist/static/js/main-f16aa68b.052d2d02108e03fbbd76.js,1,37724
PCAPI-0203,班级、课堂与课表,POST,/course,/app/course/member/edit,"courseId,nickname,courseAlias",REQUEST_CALL,未验证,https://wsevlf001.eeo.im/files/frontend/classin/lms-bleach-six/dist/static/js/main-f16aa68b.052d2d02108e03fbbd76.js,1,42453
PCAPI-0204,班级、课堂与课表,POST,/course,/app/course/member/info,"courseId,inspect",REQUEST_CALL,未验证,https://wsevlf001.eeo.im/files/frontend/classin/lms-bleach-six/dist/static/js/main-f16aa68b.052d2d02108e03fbbd76.js,1,42961
PCAPI-0205,班级、课堂与课表,POST,/course,/app/course/member/setting,,REQUEST_CALL,未验证,https://wsevlf001.eeo.im/files/frontend/classin/lms-bleach-six/dist/static/js/main-f16aa68b.052d2d02108e03fbbd76.js,1,42574
PCAPI-0206,班级、课堂与课表,POST,/course/app/course,/rechargeReminder,,REQUEST_CALL,未验证,https://wsevlf001.eeo.im/files/frontend/classin/lms-bleach-six/dist/static/js/main-35f5d893.cef4d2a43a71c1a35538.js,1,105281
PCAPI-0207,班级、课堂与课表,POST,/course,/app/course/setting,,REQUEST_CALL,未验证,https://wsevlf001.eeo.im/files/frontend/classin/lms-bleach-six/dist/static/js/main-f16aa68b.052d2d02108e03fbbd76.js,1,42698
PCAPI-0208,班级、课堂与课表,POST,/course,/app/member/course_list,,REQUEST_CALL,未验证,https://wsevlf001.eeo.im/files/frontend/classin/lms-bleach-six/dist/static/js/main-f16aa68b.052d2d02108e03fbbd76.js,1,42299
PCAPI-0209,班级、课堂与课表,POST,/course,/app/member/course_pin,,REQUEST_CALL,未验证,https://wsevlf001.eeo.im/files/frontend/classin/lms-bleach-six/dist/static/js/main-f16aa68b.052d2d02108e03fbbd76.js,1,42880
PCAPI-0210,班级、课堂与课表,POST,/course,/app/member/course/move,,REQUEST_CALL,未验证,https://wsevlf001.eeo.im/files/frontend/classin/lms-bleach-six/dist/static/js/main-f16aa68b.052d2d02108e03fbbd76.js,1,43162
PCAPI-0211,班级、课堂与课表,POST,/course,/app/school/user/course-list,,REQUEST_CALL,未验证,https://wsevlf001.eeo.im/files/frontend/classin/lms-bleach-six/dist/static/js/main-35f5d893.cef4d2a43a71c1a35538.js,1,116233
PCAPI-0212,班级、课堂与课表,POST,/course,/app/user/teacher-courses,,REQUEST_CALL,未验证,https://wsevlf001.eeo.im/files/frontend/classin/lms-bleach-six/dist/static/js/main-f16aa68b.052d2d02108e03fbbd76.js,1,42352
PCAPI-0213,计量与权益,POST,/finance/app/metering,/getUsageInfo,useCache,REQUEST_CALL,未验证,https://wsevlf001.eeo.im/files/frontend/classin/lms-bleach-six/dist/static/js/main-35f5d893.cef4d2a43a71c1a35538.js,1,102393
PCAPI-0214,基础服务与其他,POST,/infra,/short-url/api/get,sUrl,REQUEST_CALL,未验证,https://wsevlf001.eeo.im/files/frontend/classin/lms-bleach-six/dist/static/js/main-35f5d893.cef4d2a43a71c1a35538.js,1,104095
PCAPI-0215,Agent 与 AI,POST,/lms-ai-service,/app/ai/generate,,REQUEST_CALL,未验证,https://wsevlf001.eeo.im/files/frontend/classin/lms-bleach-six/dist/static/js/main-84781932.400bb89c9d14ed8b1ae8.js,2,87510
PCAPI-0216,课程分类、单元与活动,POST,/lms,/app/activity/class/get,,REQUEST_CALL,未验证,https://wsevlf001.eeo.im/files/frontend/classin/lms-bleach-six/dist/static/js/40634.179c5b27723a7ff5b815.chunk.js,1,15496
PCAPI-0217,课程分类、单元与活动,POST,/lms/app,/activity/class/get,,REQUEST_CALL,未验证,https://wsevlf001.eeo.im/files/frontend/classin/lms-bleach-six/dist/static/js/main-f16aa68b.052d2d02108e03fbbd76.js,1,45955
PCAPI-0218,课程分类、单元与活动,POST,/lms,/app/activity/learningMaterials/get,,REQUEST_CALL,未验证,https://wsevlf001.eeo.im/files/frontend/classin/lms-bleach-six/dist/static/js/40634.179c5b27723a7ff5b815.chunk.js,1,15549
PCAPI-0219,课程分类、单元与活动,POST,/lms,/app/activity/recordClass/get,,REQUEST_CALL,未验证,https://wsevlf001.eeo.im/files/frontend/classin/lms-bleach-six/dist/static/js/40634.179c5b27723a7ff5b815.chunk.js,1,15614
PCAPI-0220,课程分类、单元与活动,POST,/lms/app,/activity/sort,,REQUEST_CALL,未验证,https://wsevlf001.eeo.im/files/frontend/classin/lms-bleach-six/dist/static/js/main-f16aa68b.052d2d02108e03fbbd76.js,1,45562
PCAPI-0221,课程分类、单元与活动,POST,/lms/app,/category/getActivityCountByCategory,,REQUEST_CALL,未验证,https://wsevlf001.eeo.im/files/frontend/classin/lms-bleach-six/dist/static/js/main-f16aa68b.052d2d02108e03fbbd76.js,1,45442
PCAPI-0222,课程分类、单元与活动,POST,/lms/app,/category/list,,REQUEST_CALL,未验证,https://wsevlf001.eeo.im/files/frontend/classin/lms-bleach-six/dist/static/js/56481.fd57f3271ac6a1effcdb.chunk.js,1,81106
PCAPI-0223,课程分类、单元与活动,POST,/lms/app,/category/sort,,REQUEST_CALL,未验证,https://wsevlf001.eeo.im/files/frontend/classin/lms-bleach-six/dist/static/js/main-f16aa68b.052d2d02108e03fbbd76.js,1,45392
PCAPI-0224,课程分类、单元与活动,POST,/lms/app/content,/collection/detail,,REQUEST_CALL,未验证,https://wsevlf001.eeo.im/files/frontend/classin/lms-bleach-six/dist/static/js/29457.134a975065215216c0a6.chunk.js,1,11385
PCAPI-0225,课程分类、单元与活动,POST,/lms/app/content,/collection/getCollectionId,,REQUEST_CALL,未验证,https://wsevlf001.eeo.im/files/frontend/classin/lms-bleach-six/dist/static/js/23368.41d3849e7a75308c303b.chunk.js,1,46342
PCAPI-0226,课程分类、单元与活动,POST,/lms/app,/content/collection/getCollectionId,,REQUEST_CALL,未验证,https://wsevlf001.eeo.im/files/frontend/classin/lms-bleach-six/dist/static/js/main-35f5d893.cef4d2a43a71c1a35538.js,1,116487
PCAPI-0227,课程分类、单元与活动,POST,/lms/app/content,/collection/setNodeReadonly,,REQUEST_CALL,未验证,https://wsevlf001.eeo.im/files/frontend/classin/lms-bleach-six/dist/static/js/23368.41d3849e7a75308c303b.chunk.js,1,46855
PCAPI-0228,课程分类、单元与活动,POST,/lms/app,/content/flowin/getToken,,REQUEST_CALL,未验证,https://wsevlf001.eeo.im/files/frontend/classin/lms-bleach-six/dist/static/js/main-35f5d893.cef4d2a43a71c1a35538.js,1,116608
PCAPI-0229,课程分类、单元与活动,POST,/lms/app/content,/notice/list,,REQUEST_CALL,未验证,https://wsevlf001.eeo.im/files/frontend/classin/lms-bleach-six/dist/static/js/23368.41d3849e7a75308c303b.chunk.js,1,46739
PCAPI-0230,课程分类、单元与活动,POST,/lms/app/content,/notice/mention/list,,REQUEST_CALL,未验证,https://wsevlf001.eeo.im/files/frontend/classin/lms-bleach-six/dist/static/js/29457.134a975065215216c0a6.chunk.js,1,11323
PCAPI-0231,课程分类、单元与活动,POST,/lms/app,/content/notice/mention/list,,REQUEST_CALL,未验证,https://wsevlf001.eeo.im/files/frontend/classin/lms-bleach-six/dist/static/js/main-35f5d893.cef4d2a43a71c1a35538.js,1,116674
PCAPI-0232,课程分类、单元与活动,POST,/lms/app/content,/notice/mention/submit,,REQUEST_CALL,未验证,https://wsevlf001.eeo.im/files/frontend/classin/lms-bleach-six/dist/static/js/23368.41d3849e7a75308c303b.chunk.js,1,46563
PCAPI-0233,课程分类、单元与活动,POST,/lms/app/content,/notice/read,,REQUEST_CALL,未验证,https://wsevlf001.eeo.im/files/frontend/classin/lms-bleach-six/dist/static/js/23368.41d3849e7a75308c303b.chunk.js,1,46627
PCAPI-0234,课程分类、单元与活动,POST,/lms/app/content,/notice/read/all,,REQUEST_CALL,未验证,https://wsevlf001.eeo.im/files/frontend/classin/lms-bleach-six/dist/static/js/23368.41d3849e7a75308c303b.chunk.js,1,46681
PCAPI-0235,课程分类、单元与活动,POST,/lms/app/content,/notice/unread/count,,REQUEST_CALL,未验证,https://wsevlf001.eeo.im/files/frontend/classin/lms-bleach-six/dist/static/js/23368.41d3849e7a75308c303b.chunk.js,1,46793
PCAPI-0236,课程分类、单元与活动,POST,/lms/app,/copy/createActivityFromOtherCourse,,REQUEST_CALL,未验证,https://wsevlf001.eeo.im/files/frontend/classin/lms-bleach-six/dist/static/js/56481.fd57f3271ac6a1effcdb.chunk.js,1,80814
PCAPI-0237,课程分类、单元与活动,POST,/lms/app,/copy/createActivityToOtherCourses,,REQUEST_CALL,未验证,https://wsevlf001.eeo.im/files/frontend/classin/lms-bleach-six/dist/static/js/56481.fd57f3271ac6a1effcdb.chunk.js,1,80891
PCAPI-0238,课程分类、单元与活动,POST,/lms/app,/course/getTeacherCourses,,REQUEST_CALL,未验证,https://wsevlf001.eeo.im/files/frontend/classin/lms-bleach-six/dist/static/js/56481.fd57f3271ac6a1effcdb.chunk.js,1,80747
PCAPI-0239,课程分类、单元与活动,POST,/lms/app,/share/shareParamDecrypt,,REQUEST_CALL,未验证,https://wsevlf001.eeo.im/files/frontend/classin/lms-bleach-six/dist/static/js/main-35f5d893.cef4d2a43a71c1a35538.js,1,104028
PCAPI-0240,课程分类、单元与活动,POST,/lms/app,/share/short,,REQUEST_CALL,未验证,https://wsevlf001.eeo.im/files/frontend/classin/lms-bleach-six/dist/static/js/main-35f5d893.cef4d2a43a71c1a35538.js,1,116744
PCAPI-0241,课程分类、单元与活动,POST,/lms/app,/teacherIn/saveToTeacherIn,,REQUEST_CALL,未验证,https://wsevlf001.eeo.im/files/frontend/classin/lms-bleach-six/dist/static/js/56481.fd57f3271ac6a1effcdb.chunk.js,1,81038
PCAPI-0242,课程分类、单元与活动,POST,/lms/app,/teacherIn/teacherInOwnerList,,REQUEST_CALL,未验证,https://wsevlf001.eeo.im/files/frontend/classin/lms-bleach-six/dist/static/js/56481.fd57f3271ac6a1effcdb.chunk.js,1,80967
PCAPI-0243,课程分类、单元与活动,POST,/lms/app,/unit/getUnits,,REQUEST_CALL,未验证,https://wsevlf001.eeo.im/files/frontend/classin/lms-bleach-six/dist/static/js/main-f16aa68b.052d2d02108e03fbbd76.js,1,45658
PCAPI-0244,课程分类、单元与活动,POST,/lms/app,/unit/sort,,REQUEST_CALL,未验证,https://wsevlf001.eeo.im/files/frontend/classin/lms-bleach-six/dist/static/js/main-f16aa68b.052d2d02108e03fbbd76.js,1,45612
PCAPI-0245,课程分类、单元与活动,POST,/lms/app/user,/getCreateActivityMemo,,REQUEST_CALL,未验证,https://wsevlf001.eeo.im/files/frontend/classin/lms-bleach-six/dist/static/js/main-f16aa68b.052d2d02108e03fbbd76.js,1,35849
PCAPI-0246,课程分类、单元与活动,POST,/lms/app,activity/delete,,REQUEST_CALL,未验证,https://wsevlf001.eeo.im/files/frontend/classin/lms-bleach-six/dist/static/js/main-f16aa68b.052d2d02108e03fbbd76.js,1,44837
PCAPI-0247,课程分类、单元与活动,POST,/lms/app,activity/end,,REQUEST_CALL,未验证,https://wsevlf001.eeo.im/files/frontend/classin/lms-bleach-six/dist/static/js/main-f16aa68b.052d2d02108e03fbbd76.js,1,44888
PCAPI-0248,课程分类、单元与活动,POST,/lms/app,activity/homework/get,,REQUEST_CALL,未验证,https://wsevlf001.eeo.im/files/frontend/classin/lms-bleach-six/dist/static/js/main-f16aa68b.052d2d02108e03fbbd76.js,1,44936
PCAPI-0249,课程分类、单元与活动,POST,/lms/app,activity/release,,REQUEST_CALL,未验证,https://wsevlf001.eeo.im/files/frontend/classin/lms-bleach-six/dist/static/js/main-f16aa68b.052d2d02108e03fbbd76.js,1,45340
PCAPI-0250,课程分类、单元与活动,POST,/lms/app,category/create,,REQUEST_CALL,未验证,https://wsevlf001.eeo.im/files/frontend/classin/lms-bleach-six/dist/static/js/main-f16aa68b.052d2d02108e03fbbd76.js,1,45187
PCAPI-0251,课程分类、单元与活动,POST,/lms/app,category/delete,,REQUEST_CALL,未验证,https://wsevlf001.eeo.im/files/frontend/classin/lms-bleach-six/dist/static/js/main-f16aa68b.052d2d02108e03fbbd76.js,1,45289
PCAPI-0252,课程分类、单元与活动,POST,/lms/app,category/list,,REQUEST_CALL,未验证,https://wsevlf001.eeo.im/files/frontend/classin/lms-bleach-six/dist/static/js/main-f16aa68b.052d2d02108e03fbbd76.js,1,45138
PCAPI-0253,课程分类、单元与活动,POST,/lms/app,category/update,,REQUEST_CALL,未验证,https://wsevlf001.eeo.im/files/frontend/classin/lms-bleach-six/dist/static/js/main-f16aa68b.052d2d02108e03fbbd76.js,1,45238
PCAPI-0254,课程分类、单元与活动,POST,/lms/app,common/pollingAsyncResult,,REQUEST_CALL,未验证,https://wsevlf001.eeo.im/files/frontend/classin/lms-bleach-six/dist/static/js/main-35f5d893.cef4d2a43a71c1a35538.js,1,115429
PCAPI-0255,课程分类、单元与活动,POST,/lms/app,content/teachPlan/isShow,,REQUEST_CALL,未验证,https://wsevlf001.eeo.im/files/frontend/classin/lms-bleach-six/dist/static/js/main-f16aa68b.052d2d02108e03fbbd76.js,1,45768
PCAPI-0256,课程分类、单元与活动,POST,/lms/app,course/classActivityList,,REQUEST_CALL,未验证,https://wsevlf001.eeo.im/files/frontend/classin/lms-bleach-six/dist/static/js/main-f16aa68b.052d2d02108e03fbbd76.js,1,45708
PCAPI-0257,课程分类、单元与活动,POST,/lms/app,course/getCourseAllUnits,,REQUEST_CALL,未验证,https://wsevlf001.eeo.im/files/frontend/classin/lms-bleach-six/dist/static/js/main-f16aa68b.052d2d02108e03fbbd76.js,1,45828
PCAPI-0258,课程分类、单元与活动,POST,/lms/app,course/getCourseUnitsActivities,,REQUEST_CALL,未验证,https://wsevlf001.eeo.im/files/frontend/classin/lms-bleach-six/dist/static/js/main-f16aa68b.052d2d02108e03fbbd76.js,1,45888
PCAPI-0259,课程分类、单元与活动,POST,/lms/app,course/studentUnitActivityList,,REQUEST_CALL,未验证,https://wsevlf001.eeo.im/files/frontend/classin/lms-bleach-six/dist/static/js/main-f16aa68b.052d2d02108e03fbbd76.js,1,44771
PCAPI-0260,课程分类、单元与活动,POST,/lms/app,course/studentUnitList,,REQUEST_CALL,未验证,https://wsevlf001.eeo.im/files/frontend/classin/lms-bleach-six/dist/static/js/main-f16aa68b.052d2d02108e03fbbd76.js,1,44713
PCAPI-0261,课程分类、单元与活动,POST,/lms/app,course/unitActivityList,,REQUEST_CALL,未验证,https://wsevlf001.eeo.im/files/frontend/classin/lms-bleach-six/dist/static/js/main-f16aa68b.052d2d02108e03fbbd76.js,1,44654
PCAPI-0262,课程分类、单元与活动,POST,/lms/app,course/unitList,,REQUEST_CALL,未验证,https://wsevlf001.eeo.im/files/frontend/classin/lms-bleach-six/dist/static/js/main-f16aa68b.052d2d02108e03fbbd76.js,1,44603
PCAPI-0263,课程分类、单元与活动,POST,/lms/app,unit/delete,,REQUEST_CALL,未验证,https://wsevlf001.eeo.im/files/frontend/classin/lms-bleach-six/dist/static/js/main-f16aa68b.052d2d02108e03fbbd76.js,1,45091
PCAPI-0264,课程分类、单元与活动,POST,/lms/app,unit/mergeUnit,,REQUEST_CALL,未验证,https://wsevlf001.eeo.im/files/frontend/classin/lms-bleach-six/dist/static/js/main-f16aa68b.052d2d02108e03fbbd76.js,1,45041
PCAPI-0265,课程分类、单元与活动,POST,/lms/app,unit/publish,,REQUEST_CALL,未验证,https://wsevlf001.eeo.im/files/frontend/classin/lms-bleach-six/dist/static/js/main-f16aa68b.052d2d02108e03fbbd76.js,1,44993
PCAPI-0266,基础服务与其他,POST,/mix/app,/getCosTempToken,"flag,SID,UID",REQUEST_CALL,未验证,https://wsevlf001.eeo.im/files/frontend/classin/lms-bleach-six/dist/static/js/28635.a8ac469cbf1f950a8732.chunk.js,1,47801
PCAPI-0267,基础服务与其他,POST,/mix/app,/gray/v2/batchGetGrayVal,,REQUEST_CALL,未验证,https://wsevlf001.eeo.im/files/frontend/classin/lms-bleach-six/dist/static/js/main-35f5d893.cef4d2a43a71c1a35538.js,1,104730
PCAPI-0268,基础服务与其他,POST,/mix/app,/gray/v2/getGrayVal,"keyName,ids,grayObj",REQUEST_CALL,未验证,https://wsevlf001.eeo.im/files/frontend/classin/lms-bleach-six/dist/static/js/main-35f5d893.cef4d2a43a71c1a35538.js,1,104501
PCAPI-0269,题库与试卷,POST,/question-bank-business-service/,/paper/saveAsVerify,,REQUEST_CALL,未验证,https://wsevlf001.eeo.im/files/frontend/classin/lms-bleach-six/dist/static/js/28635.a8ac469cbf1f950a8732.chunk.js,1,47264
PCAPI-0270,题库与试卷,POST,/question-bank-business-service/,bankTag/list,,REQUEST_CALL,未验证,https://wsevlf001.eeo.im/files/frontend/classin/lms-bleach-six/dist/static/js/28635.a8ac469cbf1f950a8732.chunk.js,1,11886
PCAPI-0271,题库与试卷,POST,/question-bank-business-service/,category/create,,REQUEST_CALL,未验证,https://wsevlf001.eeo.im/files/frontend/classin/lms-bleach-six/dist/static/js/28635.a8ac469cbf1f950a8732.chunk.js,1,41718
PCAPI-0272,题库与试卷,POST,/question-bank-business-service/,category/delete,,REQUEST_CALL,未验证,https://wsevlf001.eeo.im/files/frontend/classin/lms-bleach-six/dist/static/js/28635.a8ac469cbf1f950a8732.chunk.js,1,42182
PCAPI-0273,题库与试卷,POST,/question-bank-business-service/,category/list,,REQUEST_CALL,未验证,https://wsevlf001.eeo.im/files/frontend/classin/lms-bleach-six/dist/static/js/28635.a8ac469cbf1f950a8732.chunk.js,1,41488
PCAPI-0274,题库与试卷,POST,/question-bank-business-service/,category/order,,REQUEST_CALL,未验证,https://wsevlf001.eeo.im/files/frontend/classin/lms-bleach-six/dist/static/js/28635.a8ac469cbf1f950a8732.chunk.js,1,42440
PCAPI-0275,题库与试卷,POST,/question-bank-business-service/,category/update,,REQUEST_CALL,未验证,https://wsevlf001.eeo.im/files/frontend/classin/lms-bleach-six/dist/static/js/28635.a8ac469cbf1f950a8732.chunk.js,1,41950
PCAPI-0276,题库与试卷,POST,/question-bank-business-service/,paper/copy,,REQUEST_CALL,未验证,https://wsevlf001.eeo.im/files/frontend/classin/lms-bleach-six/dist/static/js/28635.a8ac469cbf1f950a8732.chunk.js,1,18975
PCAPI-0277,题库与试卷,POST,/question-bank-business-service/,paper/create,,REQUEST_CALL,未验证,https://wsevlf001.eeo.im/files/frontend/classin/lms-bleach-six/dist/static/js/28635.a8ac469cbf1f950a8732.chunk.js,1,45096
PCAPI-0278,题库与试卷,POST,/question-bank-business-service/,paper/get,,REQUEST_CALL,未验证,https://wsevlf001.eeo.im/files/frontend/classin/lms-bleach-six/dist/static/js/28635.a8ac469cbf1f950a8732.chunk.js,1,45292
PCAPI-0279,题库与试卷,POST,/question-bank-business-service/,paper/move,,REQUEST_CALL,未验证,https://wsevlf001.eeo.im/files/frontend/classin/lms-bleach-six/dist/static/js/28635.a8ac469cbf1f950a8732.chunk.js,1,18774
PCAPI-0280,题库与试卷,POST,/question-bank-business-service/,paper/update,,REQUEST_CALL,未验证,https://wsevlf001.eeo.im/files/frontend/classin/lms-bleach-six/dist/static/js/28635.a8ac469cbf1f950a8732.chunk.js,1,45485
PCAPI-0281,题库与试卷,POST,/question-bank-business-service/,subject/deleteBank,,REQUEST_CALL,未验证,https://wsevlf001.eeo.im/files/frontend/classin/lms-bleach-six/dist/static/js/28635.a8ac469cbf1f950a8732.chunk.js,1,44634
PCAPI-0282,题库与试卷,POST,/question-bank-business-service/,subject/getSection,,REQUEST_CALL,未验证,https://wsevlf001.eeo.im/files/frontend/classin/lms-bleach-six/dist/static/js/28635.a8ac469cbf1f950a8732.chunk.js,1,44216
PCAPI-0283,题库与试卷,POST,/question-bank-business-service/,subject/list,,REQUEST_CALL,未验证,https://wsevlf001.eeo.im/files/frontend/classin/lms-bleach-six/dist/static/js/28635.a8ac469cbf1f950a8732.chunk.js,1,44013
PCAPI-0284,题库与试卷,POST,/question-bank-business-service/,subject/updateBank,,REQUEST_CALL,未验证,https://wsevlf001.eeo.im/files/frontend/classin/lms-bleach-six/dist/static/js/28635.a8ac469cbf1f950a8732.chunk.js,1,44425
PCAPI-0285,题库与试卷,POST,/question-bank-business-service/,subjectiveQuestionName/list,,REQUEST_CALL,未验证,https://wsevlf001.eeo.im/files/frontend/classin/lms-bleach-six/dist/static/js/28635.a8ac469cbf1f950a8732.chunk.js,1,13478
PCAPI-0286,题库与试卷,POST,/question-bank-business-service/,topic/batchCreate,,REQUEST_CALL,未验证,https://wsevlf001.eeo.im/files/frontend/classin/lms-bleach-six/dist/static/js/28635.a8ac469cbf1f950a8732.chunk.js,1,45820
PCAPI-0287,题库与试卷,POST,/question-bank-business-service/,topic/batchCreateTemp,,REQUEST_CALL,未验证,https://wsevlf001.eeo.im/files/frontend/classin/lms-bleach-six/dist/static/js/28635.a8ac469cbf1f950a8732.chunk.js,1,46028
PCAPI-0288,题库与试卷,POST,/question-bank-business-service/,topic/batchGet,,REQUEST_CALL,未验证,https://wsevlf001.eeo.im/files/frontend/classin/lms-bleach-six/dist/static/js/28635.a8ac469cbf1f950a8732.chunk.js,1,47059
PCAPI-0289,题库与试卷,POST,/question-bank-business-service/,topic/copy,,REQUEST_CALL,未验证,https://wsevlf001.eeo.im/files/frontend/classin/lms-bleach-six/dist/static/js/28635.a8ac469cbf1f950a8732.chunk.js,1,46240
PCAPI-0290,题库与试卷,POST,/question-bank-business-service/,topic/incrementalUpdate,,REQUEST_CALL,未验证,https://wsevlf001.eeo.im/files/frontend/classin/lms-bleach-six/dist/static/js/28635.a8ac469cbf1f950a8732.chunk.js,1,46644
PCAPI-0291,题库与试卷,POST,/question-bank-business-service/,topic/move,,REQUEST_CALL,未验证,https://wsevlf001.eeo.im/files/frontend/classin/lms-bleach-six/dist/static/js/28635.a8ac469cbf1f950a8732.chunk.js,1,46858
PCAPI-0292,题库与试卷,POST,/question-bank-business-service/,topic/update,,REQUEST_CALL,未验证,https://wsevlf001.eeo.im/files/frontend/classin/lms-bleach-six/dist/static/js/28635.a8ac469cbf1f950a8732.chunk.js,1,46441
PCAPI-0293,身份、组织与设置,POST,/saasajax,/school.ajax.php?action=getLoginUserStatus,,REQUEST_CALL,未验证,https://wsevlf001.eeo.im/files/frontend/classin/lms-bleach-six/dist/static/js/56318.6d8709824fd0a932ba6e.chunk.js,1,23652
PCAPI-0294,基础服务与其他,POST,/saasajax,/server.ajax.php?action=getNServeTime,,REQUEST_CALL,未验证,https://wsevlf001.eeo.im/files/frontend/classin/lms-bleach-six/dist/static/js/main-35f5d893.cef4d2a43a71c1a35538.js,1,30900
PCAPI-0295,基础服务与其他,POST,/,saasajax/server.ajax.php?action=getNServeTime,,REQUEST_CALL,未验证,https://wsevlf001.eeo.im/files/frontend/classin/lms-bleach-six/dist/static/js/main-6b47fa3c.10b44cb22c410ffa533c.js,1,31461
PCAPI-0296,班级、课堂与课表,POST,/schedule-bff,/api/class/announcement/entrance/detail,,REQUEST_CALL,未验证,https://wsevlf001.eeo.im/files/frontend/classin/lms-bleach-six/dist/static/js/main-f16aa68b.052d2d02108e03fbbd76.js,1,43035
PCAPI-0297,班级、课堂与课表,POST,/schedule-bff,/api/class/announcement/list,,REQUEST_CALL,未验证,https://wsevlf001.eeo.im/files/frontend/classin/lms-bleach-six/dist/static/js/main-f16aa68b.052d2d02108e03fbbd76.js,1,43104
PCAPI-0298,身份、组织与设置,POST,/school,/setting/batchGet,schoolUids,REQUEST_CALL,未验证,https://wsevlf001.eeo.im/files/frontend/classin/lms-bleach-six/dist/static/js/main-f16aa68b.052d2d02108e03fbbd76.js,1,46471
PCAPI-0299,待办,POST,/,todocenter/todo/list/complete,,REQUEST_CALL,未验证,https://wsevlf001.eeo.im/files/frontend/classin/lms-bleach-six/dist/static/js/main-6b47fa3c.10b44cb22c410ffa533c.js,1,31032
PCAPI-0300,待办,POST,/todocenter,/todo/list/course,,REQUEST_CALL,未验证,https://wsevlf001.eeo.im/files/frontend/classin/lms-bleach-six/dist/static/js/56993.7544ac0d64290ab247c1.chunk.js,1,183044
PCAPI-0301,待办,POST,/todocenter,/todo/list/index,,REQUEST_CALL,未验证,https://wsevlf001.eeo.im/files/frontend/classin/lms-bleach-six/dist/static/js/main-35f5d893.cef4d2a43a71c1a35538.js,1,119965
PCAPI-0302,待办,POST,/todocenter,/todo/red-dot/get,"uid,version",REQUEST_CALL,未验证,https://wsevlf001.eeo.im/files/frontend/classin/lms-bleach-six/dist/static/js/main-35f5d893.cef4d2a43a71c1a35538.js,1,120422
PCAPI-0303,待办,POST,/,todocenter/todo/search-options,,REQUEST_CALL,未验证,https://wsevlf001.eeo.im/files/frontend/classin/lms-bleach-six/dist/static/js/main-6b47fa3c.10b44cb22c410ffa533c.js,1,30929
PCAPI-0304,待办,POST,/,todocenter/todo/status/batch-complete,,REQUEST_CALL,未验证,https://wsevlf001.eeo.im/files/frontend/classin/lms-bleach-six/dist/static/js/main-6b47fa3c.10b44cb22c410ffa533c.js,1,31534
PCAPI-0305,待办,POST,/,todocenter/todo/status/info,,REQUEST_CALL,未验证,https://wsevlf001.eeo.im/files/frontend/classin/lms-bleach-six/dist/static/js/main-6b47fa3c.10b44cb22c410ffa533c.js,1,31405
PCAPI-0306,待办,POST,/,todocenter/todo/status/update,,REQUEST_CALL,未验证,https://wsevlf001.eeo.im/files/frontend/classin/lms-bleach-six/dist/static/js/main-6b47fa3c.10b44cb22c410ffa533c.js,1,31346
PCAPI-0307,待办,POST,/todocenter,/todo/todo-list/detail,,REQUEST_CALL,未验证,https://wsevlf001.eeo.im/files/frontend/classin/lms-bleach-six/dist/static/js/main-35f5d893.cef4d2a43a71c1a35538.js,1,120113
PCAPI-0308,待办,POST,/todocenter,/todo/v6/list/future/main,,REQUEST_CALL,未验证,https://wsevlf001.eeo.im/files/frontend/classin/lms-bleach-six/dist/static/js/83714.776c477e769ce42fd6bd.chunk.js,1,9411
PCAPI-0309,待办,POST,/,todocenter/todo/v6/list/future/page,,REQUEST_CALL,未验证,https://wsevlf001.eeo.im/files/frontend/classin/lms-bleach-six/dist/static/js/main-6b47fa3c.10b44cb22c410ffa533c.js,1,31238
PCAPI-0310,待办,POST,/todocenter,/todo/v6/list/main,,REQUEST_CALL,未验证,https://wsevlf001.eeo.im/files/frontend/classin/lms-bleach-six/dist/static/js/83714.776c477e769ce42fd6bd.chunk.js,1,9361
PCAPI-0311,待办,POST,/,todocenter/todo/v6/list/pending,,REQUEST_CALL,未验证,https://wsevlf001.eeo.im/files/frontend/classin/lms-bleach-six/dist/static/js/main-6b47fa3c.10b44cb22c410ffa533c.js,1,31134
PCAPI-0312,待办,POST,/,todocenter/todo/v6/status/future/batch-complete,,REQUEST_CALL,未验证,https://wsevlf001.eeo.im/files/frontend/classin/lms-bleach-six/dist/static/js/main-6b47fa3c.10b44cb22c410ffa533c.js,1,31601
PCAPI-0313,身份、组织与设置,POST,/uc,/classin_uc.php?action=getUserInfoByQrCodeIn,,REQUEST_CALL,未验证,https://wsevlf001.eeo.im/files/frontend/classin/lms-bleach-six/dist/static/js/main-f16aa68b.052d2d02108e03fbbd76.js,1,43709
PCAPI-0314,身份、组织与设置,POST,/uc,/classin_uc.php?action=getUserQrCodeIn,,REQUEST_CALL,未验证,https://wsevlf001.eeo.im/files/frontend/classin/lms-bleach-six/dist/static/js/main-f16aa68b.052d2d02108e03fbbd76.js,1,43783
PCAPI-0315,身份、组织与设置,POST,/usercenter,/user/getRedirectUrl,"UID,project,type,lang",REQUEST_CALL,未验证,https://wsevlf001.eeo.im/files/frontend/classin/lms-bleach-six/dist/static/js/main-35f5d893.cef4d2a43a71c1a35538.js,1,102528
PCAPI-0316,身份、组织与设置,POST,/usercenter,/user/parnter/xiyue/getRedirectUrl,,REQUEST_CALL,未验证,https://wsevlf001.eeo.im/files/frontend/classin/lms-bleach-six/dist/static/js/main-6b47fa3c.10b44cb22c410ffa533c.js,1,12397
PCAPI-0317,身份、组织与设置,POST,/usercenter,/v2/app/user-info/getUserInfoByUid,UID,REQUEST_CALL,未验证,https://wsevlf001.eeo.im/files/frontend/classin/lms-bleach-six/dist/static/js/main-f16aa68b.052d2d02108e03fbbd76.js,1,37017
PCAPI-0318,基础服务与其他,POST,/useroperating/api/v1/activity_resource,/deliver,"slots,platform",REQUEST_CALL,未验证,https://wsevlf001.eeo.im/files/frontend/classin/lms-bleach-six/dist/static/js/main-f16aa68b.052d2d02108e03fbbd76.js,1,46202
PCAPI-0319,基础服务与其他,POST,/useroperating/api/v1/activity_resource,/reserve,resourceId,REQUEST_CALL,未验证,https://wsevlf001.eeo.im/files/frontend/classin/lms-bleach-six/dist/static/js/main-f16aa68b.052d2d02108e03fbbd76.js,1,46278
PCAPI-0320,身份、组织与设置,POST,/zero-user-wx,/cloud/accountUrl,"provider,lang",REQUEST_CALL,未验证,https://wsevlf001.eeo.im/files/frontend/classin/lms-bleach-six/dist/static/js/30878.f326cea8c0d16631f5cd.chunk.js,1,11707
PCAPI-0321,身份、组织与设置,POST,/zero-user-wx,/cloud/authorized,"provider,code,source,UID",REQUEST_CALL,未验证,https://wsevlf001.eeo.im/files/frontend/classin/lms-bleach-six/dist/static/js/30878.f326cea8c0d16631f5cd.chunk.js,1,11842
PCAPI-0322,身份、组织与设置,POST,/zero-user-wx,/cloud/getAccessToken,provider,REQUEST_CALL,未验证,https://wsevlf001.eeo.im/files/frontend/classin/lms-bleach-six/dist/static/js/30878.f326cea8c0d16631f5cd.chunk.js,1,11947
PCAPI-0323,身份、组织与设置,POST,/zero-user-wx,/cloud/unbind,"provider,source",REQUEST_CALL,未验证,https://wsevlf001.eeo.im/files/frontend/classin/lms-bleach-six/dist/static/js/30878.f326cea8c0d16631f5cd.chunk.js,1,12062
PCAPI-0324,身份、组织与设置,POST,/zero-user-wx,/google/getAccessToken,,REQUEST_CALL,未验证,https://wsevlf001.eeo.im/files/frontend/classin/lms-bleach-six/dist/static/js/30878.f326cea8c0d16631f5cd.chunk.js,1,12751
PCAPI-0325,身份、组织与设置,POST,/,zero-user-wx/public/checkDisplay,"UID,source",REQUEST_CALL,未验证,https://wsevlf001.eeo.im/files/frontend/classin/lms-bleach-six/dist/static/js/main-6b47fa3c.10b44cb22c410ffa533c.js,1,31677
PCAPI-0326,身份、组织与设置,POST,/,zero-user-wx/public/info,UID,REQUEST_CALL,未验证,https://wsevlf001.eeo.im/files/frontend/classin/lms-bleach-six/dist/static/js/main-6b47fa3c.10b44cb22c410ffa533c.js,1,31753
PCAPI-0327,身份、组织与设置,POST,/zero-usercenter/,/app/category/list,,REQUEST_CALL,未验证,https://wsevlf001.eeo.im/files/frontend/classin/lms-bleach-six/dist/static/js/main-f16aa68b.052d2d02108e03fbbd76.js,1,46743
PCAPI-0328,身份、组织与设置,POST,/zero-usercenter/,/app/user/guidance/task,,REQUEST_CALL,未验证,https://wsevlf001.eeo.im/files/frontend/classin/lms-bleach-six/dist/static/js/main-35f5d893.cef4d2a43a71c1a35538.js,1,123887
PCAPI-0329,身份、组织与设置,POST,/zero-usercenter/,/app/user/guidance/task/set,,REQUEST_CALL,未验证,https://wsevlf001.eeo.im/files/frontend/classin/lms-bleach-six/dist/static/js/main-35f5d893.cef4d2a43a71c1a35538.js,1,123940
PCAPI-0330,身份、组织与设置,POST,/zero-usercenter/,/app/user/identity,,REQUEST_CALL,未验证,https://wsevlf001.eeo.im/files/frontend/classin/lms-bleach-six/dist/static/js/main-f16aa68b.052d2d02108e03fbbd76.js,1,46791
PCAPI-0331,身份、组织与设置,POST,/zero-usercenter/,/app/user/identity/save,,REQUEST_CALL,未验证,https://wsevlf001.eeo.im/files/frontend/classin/lms-bleach-six/dist/static/js/main-f16aa68b.052d2d02108e03fbbd76.js,1,46954
PCAPI-0332,身份、组织与设置,POST,/zero-usercenter/app/user/activity,/recommend,,REQUEST_CALL,未验证,https://wsevlf001.eeo.im/files/frontend/classin/lms-bleach-six/dist/static/js/main-f16aa68b.052d2d02108e03fbbd76.js,1,35809
PCAPI-0333,身份、组织与设置,POST,/zero-usercenter,/sign/getJwt,,REQUEST_CALL,未验证,https://wsevlf001.eeo.im/files/frontend/classin/lms-bleach-six/dist/static/js/main-35f5d893.cef4d2a43a71c1a35538.js,1,119128
PCAPI-0334,Agent 与 AI,UNKNOWN,UNKNOWN,/agent-api/app/agent/chat,,API_PATH_CALL_CANDIDATE,未验证,https://wsevlf001.eeo.im/files/frontend/classin/lms-bleach-six/dist/static/js/main-84781932.400bb89c9d14ed8b1ae8.js,2,85145
PCAPI-0335,Agent 与 AI,UNKNOWN,UNKNOWN,/agent-api/app/agent/regenerate,,API_PATH_CALL_CANDIDATE,未验证,https://wsevlf001.eeo.im/files/frontend/classin/lms-bleach-six/dist/static/js/main-84781932.400bb89c9d14ed8b1ae8.js,2,85869
PCAPI-0336,基础服务与其他,POST,UNKNOWN,/api/echo.api.php?action=generate_sign,"body,method,headers",API_PATH_CALL_CANDIDATE,未验证,https://wsevlf001.eeo.im/files/frontend/classin/lms-bleach-six/dist/static/js/main-6b47fa3c.10b44cb22c410ffa533c.js,1,7101
PCAPI-0337,共创与 Flowin,UNKNOWN,UNKNOWN,/apix/collection/page/level-list,,URL_CONFIG_CANDIDATE,未验证,https://wsevlf001.eeo.im/files/frontend/classin/lms-bleach-six/dist/static/js/23368.41d3849e7a75308c303b.chunk.js,1,47353
PCAPI-0338,共创与 Flowin,UNKNOWN,UNKNOWN,/apix/lambda/node/batch-copy-paste,,URL_CONFIG_CANDIDATE,未验证,https://wsevlf001.eeo.im/files/frontend/classin/lms-bleach-six/dist/static/js/main-35f5d893.cef4d2a43a71c1a35538.js,1,118076
PCAPI-0339,共创与 Flowin,UNKNOWN,UNKNOWN,/apix/lambda/node/copy-paste,,URL_CONFIG_CANDIDATE,未验证,https://wsevlf001.eeo.im/files/frontend/classin/lms-bleach-six/dist/static/js/23368.41d3849e7a75308c303b.chunk.js,1,47559
PCAPI-0340,共创与 Flowin,UNKNOWN,UNKNOWN,/apix/lambda/node/delete,,URL_CONFIG_CANDIDATE,未验证,https://wsevlf001.eeo.im/files/frontend/classin/lms-bleach-six/dist/static/js/23368.41d3849e7a75308c303b.chunk.js,1,47492
PCAPI-0341,共创与 Flowin,UNKNOWN,UNKNOWN,/apix/lambda/node/move,,URL_CONFIG_CANDIDATE,未验证,https://wsevlf001.eeo.im/files/frontend/classin/lms-bleach-six/dist/static/js/23368.41d3849e7a75308c303b.chunk.js,1,47630
PCAPI-0342,共创与 Flowin,UNKNOWN,UNKNOWN,/apix/lambda/page/add,,URL_CONFIG_CANDIDATE,未验证,https://wsevlf001.eeo.im/files/frontend/classin/lms-bleach-six/dist/static/js/23368.41d3849e7a75308c303b.chunk.js,1,47428
PCAPI-0343,共创与 Flowin,UNKNOWN,UNKNOWN,/apix/node/nav-paths?nodeId=${dynamic},,URL_CONFIG_CANDIDATE,未验证,https://wsevlf001.eeo.im/files/frontend/classin/lms-bleach-six/dist/static/js/main-35f5d893.cef4d2a43a71c1a35538.js,1,119713
PCAPI-0344,共创与 Flowin,UNKNOWN,UNKNOWN,/business/app/auth,,URL_CONFIG_CANDIDATE,未验证,https://wsevlf001.eeo.im/files/frontend/classin/lms-bleach-six/dist/static/js/main-35f5d893.cef4d2a43a71c1a35538.js,1,117646
PCAPI-0345,共创与 Flowin,UNKNOWN,UNKNOWN,/business/app/collection/list-organization?groupId=${dynamic},,URL_CONFIG_CANDIDATE,未验证,https://wsevlf001.eeo.im/files/frontend/classin/lms-bleach-six/dist/static/js/main-35f5d893.cef4d2a43a71c1a35538.js,1,117265
PCAPI-0346,共创与 Flowin,UNKNOWN,UNKNOWN,/business/app/collection/list-personal,,URL_CONFIG_CANDIDATE,未验证,https://wsevlf001.eeo.im/files/frontend/classin/lms-bleach-six/dist/static/js/main-35f5d893.cef4d2a43a71c1a35538.js,1,117168
PCAPI-0347,共创与 Flowin,UNKNOWN,UNKNOWN,/business/app/org/list-organize,,URL_CONFIG_CANDIDATE,未验证,https://wsevlf001.eeo.im/files/frontend/classin/lms-bleach-six/dist/static/js/main-35f5d893.cef4d2a43a71c1a35538.js,1,117094
PCAPI-0348,外部云存储,POST,UNKNOWN,${dynamic}/files/list_folder,path,REQUEST_CALL,未验证,https://wsevlf001.eeo.im/files/frontend/classin/lms-bleach-six/dist/static/js/30878.f326cea8c0d16631f5cd.chunk.js,1,15030
PCAPI-0349,外部云存储,POST,UNKNOWN,${dynamic}/files/search_v2,"query,options",REQUEST_CALL,未验证,https://wsevlf001.eeo.im/files/frontend/classin/lms-bleach-six/dist/static/js/30878.f326cea8c0d16631f5cd.chunk.js,1,15499
PCAPI-0350,外部云存储,GET,UNKNOWN,${dynamic}/root/search(q='${dynamic}'),"headers,params",REQUEST_CALL,未验证,https://wsevlf001.eeo.im/files/frontend/classin/lms-bleach-six/dist/static/js/30878.f326cea8c0d16631f5cd.chunk.js,1,21003
